,,КАЗАХСТАН,,г. Астана,,г. Алматы,,Абайская область,,Акмолинская область,,Актюбинская область,,Алматинская область,,Атырауская область,,Западно-Казахстанская область,,Жамбылская область,,Жетысуская область,,Карагандинская область,,Костанайская область,,Кызылординская область,,Мангистауская область,,Туркестанская область,,Улытауская область,,Павлодарская область,,Северо-Казахстанская область,,Востночно-Казахстанская область,,г. Шымкент,
"1. Скажите, пожалуйста, насколько Вы интересуетесь политикой?",Очень интересуюсь,115,"9,6%",5,"5,7%",15,"10,6%",4,"10,5%",6,"11,8%",1,"1,8%",11,"12,4%",2,"5,1%",3,"7,0%",9,"13,0%",6,"14,6%",7,"9,5%",5,"8,8%",0,"0,0%",3,"7,1%",11,"9,9%",1,"7,7%",6,"12,0%",6,"16,2%",7,"14,0%",7,"10,6%"
,"Скорее интересуюсь, чем нет",276,"23,0%",21,"24,1%",34,"23,9%",6,"15,8%",13,"25,5%",4,"7,3%",20,"22,5%",12,"30,8%",6,"14,0%",10,"14,5%",11,"26,8%",25,"33,8%",13,"22,8%",8,"17,4%",12,"28,6%",24,"21,6%",0,"0,0%",18,"36,0%",8,"21,6%",5,"10,0%",26,"39,4%"
,Не очень интересуюсь,602,"50,2%",42,"48,3%",69,"48,6%",18,"47,4%",25,"49,0%",32,"58,2%",48,"53,9%",15,"38,5%",20,"46,5%",36,"52,2%",18,"43,9%",37,"50,0%",29,"50,9%",34,"73,9%",22,"52,4%",56,"50,5%",10,"76,9%",15,"30,0%",19,"51,4%",29,"58,0%",28,"42,4%"
,Совсем не интересуюсь,204,"17,0%",18,"20,7%",24,"16,9%",10,"26,3%",7,"13,7%",18,"32,7%",10,"11,2%",10,"25,6%",13,"30,2%",14,"20,3%",5,"12,2%",5,"6,8%",10,"17,5%",4,"8,7%",5,"11,9%",20,"18,0%",2,"15,4%",11,"22,0%",4,"10,8%",9,"18,0%",5,"7,6%"
,Затрудняюсь ответить,3,",3%",1,"1,1%",0,"0,0%",0,"0,0%",0,"0,0%",0,"0,0%",0,"0,0%",0,"0,0%",1,"2,3%",0,"0,0%",1,"2,4%",0,"0,0%",0,"0,0%",0,"0,0%",0,"0,0%",0,"0,0%",0,"0,0%",0,"0,0%",0,"0,0%",0,"0,0%",0,"0,0%"
,,КАЗАХСТАН,,г. Астана,,г. Алматы,,Абайская область,,Акмолинская область,,Актюбинская область,,Алматинская область,,Атырауская область,,Западно-Казахстанская область,,Жамбылская область,,Жетысуская область,,Карагандинская область,,Костанайская область,,Кызылординская область,,Мангистауская область,,Туркестанская область,,Улытауская область,,Павлодарская область,,Северо-Казахстанская область,,Востночно-Казахстанская область,,г. Шымкент,
2. Вы интересуетесь общественной жизнью Вашего села/города?,Очень интересуюсь,265,"22,1%",7,"8,0%",31,"21,8%",11,"28,9%",24,"47,1%",3,"5,5%",22,"24,7%",8,"20,5%",10,"23,3%",16,"23,2%",9,"22,0%",16,"21,6%",11,"19,3%",6,"13,0%",12,"28,6%",36,"32,4%",2,"15,4%",14,"28,0%",13,"35,1%",9,"18,0%",5,"7,6%"
,"Скорее интересуюсь, чем нет",397,"33,1%",32,"36,8%",47,"33,1%",13,"34,2%",12,"23,5%",11,"20,0%",30,"33,7%",11,"28,2%",14,"32,6%",25,"36,2%",11,"26,8%",27,"36,5%",15,"26,3%",13,"28,3%",15,"35,7%",35,"31,5%",5,"38,5%",17,"34,0%",11,"29,7%",15,"30,0%",38,"57,6%"
,Не очень интересуюсь,410,"34,2%",37,"42,5%",44,"31,0%",10,"26,3%",10,"19,6%",25,"45,5%",33,"37,1%",16,"41,0%",11,"25,6%",18,"26,1%",14,"34,1%",27,"36,5%",29,"50,9%",25,"54,3%",11,"26,2%",27,"24,3%",6,"46,2%",15,"30,0%",10,"27,0%",21,"42,0%",21,"31,8%"
,Совсем не интересуюсь,124,"10,3%",11,"12,6%",20,"14,1%",4,"10,5%",5,"9,8%",16,"29,1%",4,"4,5%",4,"10,3%",8,"18,6%",10,"14,5%",5,"12,2%",4,"5,4%",2,"3,5%",2,"4,3%",2,"4,8%",13,"11,7%",0,"0,0%",4,"8,0%",3,"8,1%",5,"10,0%",2,"3,0%"
,Затрудняюсь ответить,4,",3%",0,"0,0%",0,"0,0%",0,"0,0%",0,"0,0%",0,"0,0%",0,"0,0%",0,"0,0%",0,"0,0%",0,"0,0%",2,"4,9%",0,"0,0%",0,"0,0%",0,"0,0%",2,"4,8%",0,"0,0%",0,"0,0%",0,"0,0%",0,"0,0%",0,"0,0%",0,"0,0%"
,,КАЗАХСТАН,,г. Астана,,г. Алматы,,Абайская область,,Акмолинская область,,Актюбинская область,,Алматинская область,,Атырауская область,,Западно-Казахстанская область,,Жамбылская область,,Жетысуская область,,Карагандинская область,,Костанайская область,,Кызылординская область,,Мангистауская область,,Туркестанская область,,Улытауская область,,Павлодарская область,,Северо-Казахстанская область,,Востночно-Казахстанская область,,г. Шымкент,
"3. Когда Вы собираетесь с друзьями, Вы обсуждаете политические вопросы часто, иногда или никогда?",Часто,120,"10,0%",9,"10,3%",17,"12,0%",5,"13,2%",8,"15,7%",1,"1,8%",6,"6,7%",5,"12,8%",5,"11,6%",4,"5,8%",4,"9,8%",6,"8,1%",5,"8,8%",3,"6,5%",4,"9,5%",13,"11,7%",2,"15,4%",8,"16,0%",3,"8,1%",2,"4,0%",10,"15,2%"
,Иногда,642,"53,5%",49,"56,3%",83,"58,5%",13,"34,2%",25,"49,0%",15,"27,3%",49,"55,1%",21,"53,8%",17,"39,5%",45,"65,2%",27,"65,9%",43,"58,1%",31,"54,4%",27,"58,7%",23,"54,8%",46,"41,4%",5,"38,5%",23,"46,0%",26,"70,3%",27,"54,0%",47,"71,2%"
,Никогда,437,"36,4%",29,"33,3%",41,"28,9%",20,"52,6%",18,"35,3%",39,"70,9%",34,"38,2%",13,"33,3%",21,"48,8%",20,"29,0%",10,"24,4%",25,"33,8%",21,"36,8%",16,"34,8%",15,"35,7%",52,"46,8%",6,"46,2%",19,"38,0%",8,"21,6%",21,"42,0%",9,"13,6%"
,Затрудняюсь ответить,1,",1%",0,"0,0%",1,",7%",0,"0,0%",0,"0,0%",0,"0,0%",0,"0,0%",0,"0,0%",0,"0,0%",0,"0,0%",0,"0,0%",0,"0,0%",0,"0,0%",0,"0,0%",0,"0,0%",0,"0,0%",0,"0,0%",0,"0,0%",0,"0,0%",0,"0,0%",0,"0,0%"
,,КАЗАХСТАН,,г. Астана,,г. Алматы,,Абайская область,,Акмолинская область,,Актюбинская область,,Алматинская область,,Атырауская область,,Западно-Казахстанская область,,Жамбылская область,,Жетысуская область,,Карагандинская область,,Костанайская область,,Кызылординская область,,Мангистауская область,,Туркестанская область,,Улытауская область,,Павлодарская область,,Северо-Казахстанская область,,Востночно-Казахстанская область,,г. Шымкент,
4.1. Телевизионные новости,Каждый день,382,"31,8%",17,"19,5%",45,"31,7%",9,"23,7%",9,"17,6%",11,"20,0%",22,"24,7%",11,"28,2%",10,"23,3%",28,"40,6%",20,"48,8%",25,"33,8%",21,"36,8%",12,"26,1%",16,"38,1%",41,"36,9%",6,"46,2%",19,"38,0%",16,"43,2%",16,"32,0%",28,"42,4%"
,Каждую неделю,257,"21,4%",19,"21,8%",26,"18,3%",9,"23,7%",2,"3,9%",5,"9,1%",21,"23,6%",9,"23,1%",14,"32,6%",16,"23,2%",7,"17,1%",17,"23,0%",8,"14,0%",21,"45,7%",7,"16,7%",28,"25,2%",2,"15,4%",10,"20,0%",7,"18,9%",12,"24,0%",17,"25,8%"
,Каждый месяц,100,"8,3%",4,"4,6%",10,"7,0%",5,"13,2%",1,"2,0%",9,"16,4%",11,"12,4%",4,"10,3%",4,"9,3%",8,"11,6%",2,"4,9%",6,"8,1%",6,"10,5%",3,"6,5%",3,"7,1%",12,"10,8%",0,"0,0%",1,"2,0%",4,"10,8%",5,"10,0%",2,"3,0%"
,"Реже, чем раз в месяц",145,"12,1%",9,"10,3%",14,"9,9%",1,"2,6%",1,"2,0%",10,"18,2%",19,"21,3%",2,"5,1%",8,"18,6%",3,"4,3%",7,"17,1%",9,"12,2%",13,"22,8%",6,"13,0%",4,"9,5%",8,"7,2%",3,"23,1%",4,"8,0%",4,"10,8%",12,"24,0%",8,"12,1%"
,Никогда,313,"26,1%",38,"43,7%",47,"33,1%",14,"36,8%",38,"74,5%",20,"36,4%",15,"16,9%",13,"33,3%",7,"16,3%",14,"20,3%",5,"12,2%",17,"23,0%",9,"15,8%",4,"8,7%",11,"26,2%",22,"19,8%",2,"15,4%",16,"32,0%",6,"16,2%",4,"8,0%",11,"16,7%"
,Отказ от ответа,3,",3%",0,"0,0%",0,"0,0%",0,"0,0%",0,"0,0%",0,"0,0%",1,"1,1%",0,"0,0%",0,"0,0%",0,"0,0%",0,"0,0%",0,"0,0%",0,"0,0%",0,"0,0%",1,"2,4%",0,"0,0%",0,"0,0%",0,"0,0%",0,"0,0%",1,"2,0%",0,"0,0%"
,Затрудняюсь ответить,0,"0,0%",0,"0,0%",0,"0,0%",0,"0,0%",0,"0,0%",0,"0,0%",0,"0,0%",0,"0,0%",0,"0,0%",0,"0,0%",0,"0,0%",0,"0,0%",0,"0,0%",0,"0,0%",0,"0,0%",0,"0,0%",0,"0,0%",0,"0,0%",0,"0,0%",0,"0,0%",0,"0,0%"
4.2. Новости по радио,Каждый день,136,"11,3%",2,"2,3%",20,"14,1%",4,"10,5%",4,"7,8%",10,"18,2%",4,"4,5%",4,"10,3%",7,"16,3%",7,"10,1%",4,"9,8%",7,"9,5%",7,"12,3%",3,"6,5%",13,"31,0%",9,"8,1%",2,"15,4%",9,"18,0%",6,"16,2%",2,"4,0%",12,"18,2%"
,Каждую неделю,100,"8,3%",2,"2,3%",12,"8,5%",7,"18,4%",4,"7,8%",4,"7,3%",6,"6,7%",2,"5,1%",5,"11,6%",3,"4,3%",5,"12,2%",12,"16,2%",7,"12,3%",2,"4,3%",5,"11,9%",4,"3,6%",2,"15,4%",0,"0,0%",3,"8,1%",8,"16,0%",7,"10,6%"
,Каждый месяц,108,"9,0%",3,"3,4%",12,"8,5%",1,"2,6%",1,"2,0%",1,"1,8%",13,"14,6%",1,"2,6%",4,"9,3%",5,"7,2%",1,"2,4%",8,"10,8%",4,"7,0%",7,"15,2%",1,"2,4%",19,"17,1%",0,"0,0%",3,"6,0%",4,"10,8%",6,"12,0%",14,"21,2%"
,"Реже, чем раз в месяц",126,"10,5%",3,"3,4%",15,"10,6%",3,"7,9%",3,"5,9%",3,"5,5%",15,"16,9%",2,"5,1%",3,"7,0%",4,"5,8%",4,"9,8%",19,"25,7%",10,"17,5%",7,"15,2%",2,"4,8%",13,"11,7%",1,"7,7%",3,"6,0%",3,"8,1%",7,"14,0%",6,"9,1%"
,Никогда,720,"60,0%",77,"88,5%",82,"57,7%",23,"60,5%",39,"76,5%",37,"67,3%",49,"55,1%",30,"76,9%",24,"55,8%",50,"72,5%",25,"61,0%",28,"37,8%",29,"50,9%",26,"56,5%",20,"47,6%",66,"59,5%",5,"38,5%",35,"70,0%",21,"56,8%",27,"54,0%",27,"40,9%"
,Отказ от ответа,8,",7%",0,"0,0%",1,",7%",0,"0,0%",0,"0,0%",0,"0,0%",1,"1,1%",0,"0,0%",0,"0,0%",0,"0,0%",2,"4,9%",0,"0,0%",0,"0,0%",1,"2,2%",1,"2,4%",0,"0,0%",2,"15,4%",0,"0,0%",0,"0,0%",0,"0,0%",0,"0,0%"
,Затрудняюсь ответить,2,",2%",0,"0,0%",0,"0,0%",0,"0,0%",0,"0,0%",0,"0,0%",1,"1,1%",0,"0,0%",0,"0,0%",0,"0,0%",0,"0,0%",0,"0,0%",0,"0,0%",0,"0,0%",0,"0,0%",0,"0,0%",1,"7,7%",0,"0,0%",0,"0,0%",0,"0,0%",0,"0,0%"
4.3. Новости через Интернет,Каждый день,692,"57,7%",31,"35,6%",98,"69,0%",23,"60,5%",9,"17,6%",24,"43,6%",50,"56,2%",27,"69,2%",26,"60,5%",41,"59,4%",27,"65,9%",48,"64,9%",28,"49,1%",22,"47,8%",27,"64,3%",78,"70,3%",12,"92,3%",15,"30,0%",15,"40,5%",34,"68,0%",57,"86,4%"
,Каждую неделю,206,"17,2%",11,"12,6%",33,"23,2%",6,"15,8%",1,"2,0%",8,"14,5%",13,"14,6%",6,"15,4%",7,"16,3%",13,"18,8%",7,"17,1%",12,"16,2%",17,"29,8%",14,"30,4%",7,"16,7%",13,"11,7%",1,"7,7%",13,"26,0%",10,"27,0%",9,"18,0%",5,"7,6%"
,Каждый месяц,62,"5,2%",7,"8,0%",1,",7%",2,"5,3%",1,"2,0%",5,"9,1%",13,"14,6%",1,"2,6%",5,"11,6%",5,"7,2%",3,"7,3%",3,"4,1%",3,"5,3%",4,"8,7%",0,"0,0%",4,"3,6%",0,"0,0%",1,"2,0%",0,"0,0%",4,"8,0%",0,"0,0%"
,"Реже, чем раз в месяц",56,"4,7%",5,"5,7%",4,"2,8%",0,"0,0%",4,"7,8%",3,"5,5%",6,"6,7%",1,"2,6%",1,"2,3%",4,"5,8%",0,"0,0%",5,"6,8%",5,"8,8%",0,"0,0%",1,"2,4%",3,"2,7%",0,"0,0%",4,"8,0%",6,"16,2%",2,"4,0%",2,"3,0%"
,Никогда,174,"14,5%",31,"35,6%",5,"3,5%",7,"18,4%",36,"70,6%",14,"25,5%",6,"6,7%",4,"10,3%",4,"9,3%",6,"8,7%",2,"4,9%",6,"8,1%",4,"7,0%",5,"10,9%",6,"14,3%",13,"11,7%",0,"0,0%",17,"34,0%",5,"13,5%",1,"2,0%",2,"3,0%"
,Отказ от ответа,10,",8%",2,"2,3%",1,",7%",0,"0,0%",0,"0,0%",1,"1,8%",1,"1,1%",0,"0,0%",0,"0,0%",0,"0,0%",2,"4,9%",0,"0,0%",0,"0,0%",1,"2,2%",1,"2,4%",0,"0,0%",0,"0,0%",0,"0,0%",1,"2,7%",0,"0,0%",0,"0,0%"
,Затрудняюсь ответить,0,"0,0%",0,"0,0%",0,"0,0%",0,"0,0%",0,"0,0%",0,"0,0%",0,"0,0%",0,"0,0%",0,"0,0%",0,"0,0%",0,"0,0%",0,"0,0%",0,"0,0%",0,"0,0%",0,"0,0%",0,"0,0%",0,"0,0%",0,"0,0%",0,"0,0%",0,"0,0%",0,"0,0%"
"4.4. Новости через социальные сети - Фейсбук, Твиттер, Телеграм, Инстаграм, YouTube и т.п.",Каждый день,747,"62,3%",43,"49,4%",98,"69,0%",24,"63,2%",48,"94,1%",28,"50,9%",46,"51,7%",30,"76,9%",26,"60,5%",43,"62,3%",22,"53,7%",42,"56,8%",32,"56,1%",27,"58,7%",21,"50,0%",75,"67,6%",13,"100,0%",21,"42,0%",19,"51,4%",36,"72,0%",53,"80,3%"
,Каждую неделю,171,"14,3%",13,"14,9%",26,"18,3%",5,"13,2%",1,"2,0%",10,"18,2%",16,"18,0%",5,"12,8%",9,"20,9%",11,"15,9%",3,"7,3%",12,"16,2%",11,"19,3%",7,"15,2%",2,"4,8%",15,"13,5%",0,"0,0%",11,"22,0%",5,"13,5%",4,"8,0%",5,"7,6%"
,Каждый месяц,52,"4,3%",5,"5,7%",1,",7%",2,"5,3%",0,"0,0%",2,"3,6%",13,"14,6%",1,"2,6%",1,"2,3%",4,"5,8%",2,"4,9%",3,"4,1%",1,"1,8%",3,"6,5%",2,"4,8%",2,"1,8%",0,"0,0%",3,"6,0%",1,"2,7%",2,"4,0%",4,"6,1%"
,"Реже, чем раз в месяц",58,"4,8%",7,"8,0%",3,"2,1%",3,"7,9%",0,"0,0%",2,"3,6%",6,"6,7%",2,"5,1%",1,"2,3%",3,"4,3%",2,"4,9%",9,"12,2%",7,"12,3%",1,"2,2%",0,"0,0%",3,"2,7%",0,"0,0%",3,"6,0%",4,"10,8%",1,"2,0%",1,"1,5%"
,Никогда,166,"13,8%",19,"21,8%",13,"9,2%",4,"10,5%",2,"3,9%",13,"23,6%",7,"7,9%",1,"2,6%",6,"14,0%",8,"11,6%",10,"24,4%",8,"10,8%",6,"10,5%",7,"15,2%",16,"38,1%",16,"14,4%",0,"0,0%",12,"24,0%",8,"21,6%",7,"14,0%",3,"4,5%"
,Отказ от ответа,6,",5%",0,"0,0%",1,",7%",0,"0,0%",0,"0,0%",0,"0,0%",1,"1,1%",0,"0,0%",0,"0,0%",0,"0,0%",2,"4,9%",0,"0,0%",0,"0,0%",1,"2,2%",1,"2,4%",0,"0,0%",0,"0,0%",0,"0,0%",0,"0,0%",0,"0,0%",0,"0,0%"
,Затрудняюсь ответить,0,"0,0%",0,"0,0%",0,"0,0%",0,"0,0%",0,"0,0%",0,"0,0%",0,"0,0%",0,"0,0%",0,"0,0%",0,"0,0%",0,"0,0%",0,"0,0%",0,"0,0%",0,"0,0%",0,"0,0%",0,"0,0%",0,"0,0%",0,"0,0%",0,"0,0%",0,"0,0%",0,"0,0%"
4.5. Новости из разговоров с друзьями или коллегами,Каждый день,241,"20,1%",21,"24,1%",26,"18,3%",13,"34,2%",12,"23,5%",7,"12,7%",17,"19,1%",8,"20,5%",8,"18,6%",15,"21,7%",6,"14,6%",12,"16,2%",16,"28,1%",4,"8,7%",4,"9,5%",25,"22,5%",3,"23,1%",13,"26,0%",13,"35,1%",6,"12,0%",12,"18,2%"
,Каждую неделю,263,"21,9%",15,"17,2%",32,"22,5%",10,"26,3%",3,"5,9%",9,"16,4%",17,"19,1%",7,"17,9%",12,"27,9%",18,"26,1%",7,"17,1%",13,"17,6%",14,"24,6%",14,"30,4%",7,"16,7%",33,"29,7%",2,"15,4%",19,"38,0%",6,"16,2%",12,"24,0%",13,"19,7%"
,Каждый месяц,222,"18,5%",14,"16,1%",24,"16,9%",3,"7,9%",1,"2,0%",6,"10,9%",18,"20,2%",13,"33,3%",5,"11,6%",19,"27,5%",8,"19,5%",17,"23,0%",7,"12,3%",13,"28,3%",5,"11,9%",19,"17,1%",1,"7,7%",5,"10,0%",7,"18,9%",16,"32,0%",21,"31,8%"
,"Реже, чем раз в месяц",177,"14,8%",19,"21,8%",27,"19,0%",5,"13,2%",3,"5,9%",7,"12,7%",22,"24,7%",5,"12,8%",5,"11,6%",4,"5,8%",8,"19,5%",20,"27,0%",14,"24,6%",5,"10,9%",2,"4,8%",6,"5,4%",1,"7,7%",5,"10,0%",5,"13,5%",3,"6,0%",11,"16,7%"
,Никогда,278,"23,2%",18,"20,7%",31,"21,8%",7,"18,4%",32,"62,7%",25,"45,5%",14,"15,7%",6,"15,4%",12,"27,9%",13,"18,8%",9,"22,0%",11,"14,9%",6,"10,5%",10,"21,7%",23,"54,8%",25,"22,5%",3,"23,1%",8,"16,0%",6,"16,2%",11,"22,0%",8,"12,1%"
,Отказ от ответа,15,"1,3%",0,"0,0%",2,"1,4%",0,"0,0%",0,"0,0%",1,"1,8%",1,"1,1%",0,"0,0%",1,"2,3%",0,"0,0%",3,"7,3%",0,"0,0%",0,"0,0%",0,"0,0%",1,"2,4%",3,"2,7%",1,"7,7%",0,"0,0%",0,"0,0%",2,"4,0%",0,"0,0%"
,Затрудняюсь ответить,4,",3%",0,"0,0%",0,"0,0%",0,"0,0%",0,"0,0%",0,"0,0%",0,"0,0%",0,"0,0%",0,"0,0%",0,"0,0%",0,"0,0%",1,"1,4%",0,"0,0%",0,"0,0%",0,"0,0%",0,"0,0%",2,"15,4%",0,"0,0%",0,"0,0%",0,"0,0%",1,"1,5%"
,,КАЗАХСТАН,,г. Астана,,г. Алматы,,Абайская область,,Акмолинская область,,Актюбинская область,,Алматинская область,,Атырауская область,,Западно-Казахстанская область,,Жамбылская область,,Жетысуская область,,Карагандинская область,,Костанайская область,,Кызылординская область,,Мангистауская область,,Туркестанская область,,Улытауская область,,Павлодарская область,,Северо-Казахстанская область,,Востночно-Казахстанская область,,г. Шымкент,
"5. Знаете ли Вы, слышали или слышите сейчас впервые выражение «гражданское общество»?",Знаю,235,"19,6%",16,"18,4%",30,"21,1%",8,"21,1%",6,"11,8%",2,"3,6%",18,"20,2%",7,"17,9%",13,"30,2%",20,"29,0%",7,"17,1%",18,"24,3%",11,"19,3%",3,"6,5%",0,"0,0%",22,"19,8%",5,"38,5%",10,"20,0%",13,"35,1%",9,"18,0%",17,"25,8%"
,Что-то слышал(-а),487,"40,6%",37,"42,5%",72,"50,7%",16,"42,1%",13,"25,5%",10,"18,2%",26,"29,2%",10,"25,6%",13,"30,2%",28,"40,6%",18,"43,9%",29,"39,2%",32,"56,1%",12,"26,1%",20,"47,6%",52,"46,8%",2,"15,4%",23,"46,0%",13,"35,1%",27,"54,0%",34,"51,5%"
,Слышу впервые,464,"38,7%",30,"34,5%",39,"27,5%",14,"36,8%",31,"60,8%",43,"78,2%",44,"49,4%",22,"56,4%",17,"39,5%",21,"30,4%",13,"31,7%",25,"33,8%",14,"24,6%",31,"67,4%",21,"50,0%",37,"33,3%",6,"46,2%",16,"32,0%",11,"29,7%",14,"28,0%",15,"22,7%"
,Затрудняюсь ответить,14,"1,2%",4,"4,6%",1,",7%",0,"0,0%",1,"2,0%",0,"0,0%",1,"1,1%",0,"0,0%",0,"0,0%",0,"0,0%",3,"7,3%",2,"2,7%",0,"0,0%",0,"0,0%",1,"2,4%",0,"0,0%",0,"0,0%",1,"2,0%",0,"0,0%",0,"0,0%",0,"0,0%"
,,КАЗАХСТАН,,г. Астана,,г. Алматы,,Абайская область,,Акмолинская область,,Актюбинская область,,Алматинская область,,Атырауская область,,Западно-Казахстанская область,,Жамбылская область,,Жетысуская область,,Карагандинская область,,Костанайская область,,Кызылординская область,,Мангистауская область,,Туркестанская область,,Улытауская область,,Павлодарская область,,Северо-Казахстанская область,,Востночно-Казахстанская область,,г. Шымкент,
"6. По Вашему мнению, в Казахстане сейчас есть гражданское общество или гражданского общества нет?",Безусловно есть,195,"27,0%",2,"3,8%",29,"28,4%",1,"4,2%",9,"47,4%",2,"16,7%",10,"22,7%",3,"17,6%",13,"50,0%",15,"31,3%",3,"12,0%",9,"19,1%",4,"9,3%",3,"20,0%",7,"35,0%",40,"54,1%",3,"42,9%",11,"33,3%",6,"23,1%",8,"22,2%",17,"33,3%"
,Скорее есть,379,"52,5%",36,"67,9%",55,"53,9%",15,"62,5%",6,"31,6%",6,"50,0%",24,"54,5%",9,"52,9%",10,"38,5%",24,"50,0%",14,"56,0%",21,"44,7%",30,"69,8%",10,"66,7%",11,"55,0%",29,"39,2%",3,"42,9%",9,"27,3%",13,"50,0%",22,"61,1%",32,"62,7%"
,Скорее нет,98,"13,6%",11,"20,8%",13,"12,7%",5,"20,8%",3,"15,8%",4,"33,3%",5,"11,4%",4,"23,5%",3,"11,5%",4,"8,3%",6,"24,0%",14,"29,8%",6,"14,0%",2,"13,3%",2,"10,0%",1,"1,4%",0,"0,0%",7,"21,2%",5,"19,2%",1,"2,8%",2,"3,9%"
,Безусловно нет,16,"2,2%",0,"0,0%",2,"2,0%",1,"4,2%",0,"0,0%",0,"0,0%",2,"4,5%",1,"5,9%",0,"0,0%",1,"2,1%",0,"0,0%",1,"2,1%",0,"0,0%",0,"0,0%",0,"0,0%",3,"4,1%",0,"0,0%",3,"9,1%",0,"0,0%",2,"5,6%",0,"0,0%"
,Затрудняюсь ответить,34,"4,7%",4,"7,5%",3,"2,9%",2,"8,3%",1,"5,3%",0,"0,0%",3,"6,8%",0,"0,0%",0,"0,0%",4,"8,3%",2,"8,0%",2,"4,3%",3,"7,0%",0,"0,0%",0,"0,0%",1,"1,4%",1,"14,3%",3,"9,1%",2,"7,7%",3,"8,3%",0,"0,0%"
,,КАЗАХСТАН,,г. Астана,,г. Алматы,,Абайская область,,Акмолинская область,,Актюбинская область,,Алматинская область,,Атырауская область,,Западно-Казахстанская область,,Жамбылская область,,Жетысуская область,,Карагандинская область,,Костанайская область,,Кызылординская область,,Мангистауская область,,Туркестанская область,,Улытауская область,,Павлодарская область,,Северо-Казахстанская область,,Востночно-Казахстанская область,,г. Шымкент,
"Q7. Как Вы понимаете выражение «гражданское общество», что оно означает?","Население страны, граждане, общество, все мы",148,"20,5%",12,"22,6%",26,"25,5%",3,"12,5%",3,"15,8%",3,"25,0%",8,"18,2%",5,"29,4%",2,"7,7%",7,"14,6%",5,"20,0%",9,"19,1%",6,"14,0%",3,"20,0%",4,"20,0%",23,"31,1%",4,"57,1%",6,"18,2%",2,"7,7%",8,"22,2%",9,"17,6%"
,"Общество людей с высокой гражданской активностью, ответственностью",156,"21,6%",15,"28,3%",18,"17,6%",5,"20,8%",4,"21,1%",4,"33,3%",14,"31,8%",5,"29,4%",4,"15,4%",12,"25,0%",3,"12,0%",11,"23,4%",10,"23,3%",2,"13,3%",5,"25,0%",10,"13,5%",0,"0,0%",5,"15,2%",10,"38,5%",8,"22,2%",11,"21,6%"
,"Группы граждан, объединенных общими идеями, целями, интересами",113,"15,7%",13,"24,5%",13,"12,7%",5,"20,8%",3,"15,8%",1,"8,3%",5,"11,4%",8,"47,1%",4,"15,4%",10,"20,8%",2,"8,0%",11,"23,4%",11,"25,6%",3,"20,0%",3,"15,0%",1,"1,4%",0,"0,0%",7,"21,2%",4,"15,4%",5,"13,9%",4,"7,8%"
,"Правовое, свободное, демократическое общество",105,"14,5%",9,"17,0%",17,"16,7%",4,"16,7%",0,"0,0%",2,"16,7%",5,"11,4%",3,"17,6%",3,"11,5%",12,"25,0%",2,"8,0%",5,"10,6%",11,"25,6%",2,"13,3%",3,"15,0%",10,"13,5%",0,"0,0%",3,"9,1%",2,"7,7%",4,"11,1%",8,"15,7%"
,"Общество граждан, способных влиять на власть, решать социальные вопросы",102,"14,1%",3,"5,7%",10,"9,8%",3,"12,5%",3,"15,8%",2,"16,7%",9,"20,5%",1,"5,9%",2,"7,7%",9,"18,8%",4,"16,0%",7,"14,9%",6,"14,0%",4,"26,7%",2,"10,0%",5,"6,8%",2,"28,6%",8,"24,2%",5,"19,2%",6,"16,7%",11,"21,6%"
,"Общество граждан, проявляющих единство и сплоченность",100,"13,9%",15,"28,3%",8,"7,8%",2,"8,3%",1,"5,3%",1,"8,3%",4,"9,1%",1,"5,9%",2,"7,7%",10,"20,8%",0,"0,0%",9,"19,1%",11,"25,6%",1,"6,7%",2,"10,0%",9,"12,2%",0,"0,0%",8,"24,2%",1,"3,8%",6,"16,7%",9,"17,6%"
,"Развитое, цивилизованное, культурное общество",90,"12,5%",6,"11,3%",18,"17,6%",4,"16,7%",2,"10,5%",1,"8,3%",0,"0,0%",2,"11,8%",4,"15,4%",5,"10,4%",3,"12,0%",0,"0,0%",10,"23,3%",3,"20,0%",0,"0,0%",6,"8,1%",2,"28,6%",2,"6,1%",4,"15,4%",2,"5,6%",16,"31,4%"
,"Общество людей, наделенных патриотизмом",95,"13,2%",7,"13,2%",14,"13,7%",3,"12,5%",4,"21,1%",2,"16,7%",4,"9,1%",0,"0,0%",4,"15,4%",6,"12,5%",3,"12,0%",7,"14,9%",8,"18,6%",2,"13,3%",1,"5,0%",5,"6,8%",2,"28,6%",2,"6,1%",8,"30,8%",5,"13,9%",8,"15,7%"
,Конкретные категории граждан,48,"6,6%",6,"11,3%",11,"10,8%",1,"4,2%",1,"5,3%",0,"0,0%",3,"6,8%",0,"0,0%",0,"0,0%",1,"2,1%",1,"4,0%",3,"6,4%",1,"2,3%",0,"0,0%",0,"0,0%",5,"6,8%",0,"0,0%",1,"3,0%",3,"11,5%",2,"5,6%",9,"17,6%"
,"Общество людей, проявляющих заботу о других людях",86,"11,9%",10,"18,9%",6,"5,9%",3,"12,5%",0,"0,0%",2,"16,7%",9,"20,5%",3,"17,6%",5,"19,2%",9,"18,8%",2,"8,0%",6,"12,8%",8,"18,6%",2,"13,3%",1,"5,0%",2,"2,7%",0,"0,0%",5,"15,2%",3,"11,5%",4,"11,1%",6,"11,8%"
,Другое,1,",1%",0,"0,0%",0,"0,0%",0,"0,0%",0,"0,0%",0,"0,0%",1,"2,3%",0,"0,0%",0,"0,0%",0,"0,0%",0,"0,0%",0,"0,0%",0,"0,0%",0,"0,0%",0,"0,0%",0,"0,0%",0,"0,0%",0,"0,0%",0,"0,0%",0,"0,0%",0,"0,0%"
,Затрудняюсь ответить,14,"1,9%",0,"0,0%",2,"2,0%",1,"4,2%",0,"0,0%",0,"0,0%",0,"0,0%",0,"0,0%",0,"0,0%",2,"4,2%",5,"20,0%",2,"4,3%",0,"0,0%",0,"0,0%",0,"0,0%",0,"0,0%",0,"0,0%",0,"0,0%",0,"0,0%",2,"5,6%",0,"0,0%"
,,КАЗАХСТАН,,г. Астана,,г. Алматы,,Абайская область,,Акмолинская область,,Актюбинская область,,Алматинская область,,Атырауская область,,Западно-Казахстанская область,,Жамбылская область,,Жетысуская область,,Карагандинская область,,Костанайская область,,Кызылординская область,,Мангистауская область,,Туркестанская область,,Улытауская область,,Павлодарская область,,Северо-Казахстанская область,,Востночно-Казахстанская область,,г. Шымкент,
8. Гражданская активность – это:,Борьба с властью и за власть,91,"7,6%",8,"9,2%",10,"7,0%",3,"7,9%",4,"7,8%",6,"10,9%",10,"11,2%",1,"2,6%",4,"9,3%",6,"8,7%",3,"7,3%",2,"2,7%",5,"8,8%",8,"17,4%",1,"2,4%",8,"7,2%",2,"15,4%",4,"8,0%",2,"5,4%",4,"8,0%",0,"0,0%"
,Оказание давления на власть,43,"3,6%",4,"4,6%",7,"4,9%",0,"0,0%",0,"0,0%",4,"7,3%",2,"2,2%",3,"7,7%",0,"0,0%",2,"2,9%",3,"7,3%",2,"2,7%",1,"1,8%",1,"2,2%",0,"0,0%",9,"8,1%",0,"0,0%",3,"6,0%",1,"2,7%",1,"2,0%",0,"0,0%"
,Сотрудничество между гражданами,345,"28,8%",16,"18,4%",39,"27,5%",5,"13,2%",12,"23,5%",18,"32,7%",19,"21,3%",10,"25,6%",14,"32,6%",25,"36,2%",10,"24,4%",17,"23,0%",9,"15,8%",12,"26,1%",15,"35,7%",49,"44,1%",1,"7,7%",14,"28,0%",12,"32,4%",13,"26,0%",35,"53,0%"
,Взаимодействие общества и государства,342,"28,5%",32,"36,8%",40,"28,2%",24,"63,2%",21,"41,2%",14,"25,5%",29,"32,6%",12,"30,8%",10,"23,3%",19,"27,5%",6,"14,6%",27,"36,5%",19,"33,3%",7,"15,2%",7,"16,7%",24,"21,6%",5,"38,5%",17,"34,0%",10,"27,0%",12,"24,0%",7,"10,6%"
,Наличие гражданской позиции по общественно значимым вопросам,246,"20,5%",9,"10,3%",35,"24,6%",5,"13,2%",10,"19,6%",6,"10,9%",16,"18,0%",6,"15,4%",10,"23,3%",14,"20,3%",5,"12,2%",18,"24,3%",20,"35,1%",14,"30,4%",11,"26,2%",15,"13,5%",2,"15,4%",8,"16,0%",6,"16,2%",13,"26,0%",23,"34,8%"
,Другое,2,",2%",0,"0,0%",0,"0,0%",0,"0,0%",0,"0,0%",0,"0,0%",0,"0,0%",0,"0,0%",0,"0,0%",0,"0,0%",0,"0,0%",1,"1,4%",1,"1,8%",0,"0,0%",0,"0,0%",0,"0,0%",0,"0,0%",0,"0,0%",0,"0,0%",0,"0,0%",0,"0,0%"
,Затрудняюсь ответить,131,"10,9%",18,"20,7%",11,"7,7%",1,"2,6%",4,"7,8%",7,"12,7%",13,"14,6%",7,"17,9%",5,"11,6%",3,"4,3%",14,"34,1%",7,"9,5%",2,"3,5%",4,"8,7%",8,"19,0%",6,"5,4%",3,"23,1%",4,"8,0%",6,"16,2%",7,"14,0%",1,"1,5%"
,,КАЗАХСТАН,,г. Астана,,г. Алматы,,Абайская область,,Акмолинская область,,Актюбинская область,,Алматинская область,,Атырауская область,,Западно-Казахстанская область,,Жамбылская область,,Жетысуская область,,Карагандинская область,,Костанайская область,,Кызылординская область,,Мангистауская область,,Туркестанская область,,Улытауская область,,Павлодарская область,,Северо-Казахстанская область,,Востночно-Казахстанская область,,г. Шымкент,
"9.1. Коллективное благоустройство подъездов, домов, детских площадок, окружающих территорий",Участвовал,459,"38,3%",24,"27,6%",33,"23,2%",21,"55,3%",22,"43,1%",18,"32,7%",34,"38,2%",9,"23,1%",16,"37,2%",34,"49,3%",16,"39,0%",34,"45,9%",30,"52,6%",11,"23,9%",5,"11,9%",39,"35,1%",7,"53,8%",29,"58,0%",24,"64,9%",22,"44,0%",31,"47,0%"
,Мог бы участвовать,421,"35,1%",42,"48,3%",56,"39,4%",9,"23,7%",10,"19,6%",26,"47,3%",18,"20,2%",18,"46,2%",19,"44,2%",18,"26,1%",7,"17,1%",26,"35,1%",15,"26,3%",22,"47,8%",17,"40,5%",40,"36,0%",5,"38,5%",14,"28,0%",8,"21,6%",20,"40,0%",31,"47,0%"
,Никогда не стал бы участвовать,298,"24,8%",17,"19,5%",45,"31,7%",8,"21,1%",19,"37,3%",11,"20,0%",36,"40,4%",12,"30,8%",8,"18,6%",17,"24,6%",14,"34,1%",12,"16,2%",12,"21,1%",12,"26,1%",20,"47,6%",32,"28,8%",0,"0,0%",7,"14,0%",5,"13,5%",7,"14,0%",4,"6,1%"
,Затурдняюсь ответить,17,"1,4%",4,"4,6%",6,"4,2%",0,"0,0%",0,"0,0%",0,"0,0%",0,"0,0%",0,"0,0%",0,"0,0%",0,"0,0%",3,"7,3%",2,"2,7%",0,"0,0%",1,"2,2%",0,"0,0%",0,"0,0%",1,"7,7%",0,"0,0%",0,"0,0%",0,"0,0%",0,"0,0%"
,Отказ от ответа,5,",4%",0,"0,0%",2,"1,4%",0,"0,0%",0,"0,0%",0,"0,0%",1,"1,1%",0,"0,0%",0,"0,0%",0,"0,0%",1,"2,4%",0,"0,0%",0,"0,0%",0,"0,0%",0,"0,0%",0,"0,0%",0,"0,0%",0,"0,0%",0,"0,0%",1,"2,0%",0,"0,0%"
"9.2. Сбор средств, вещей для людей, попавших в тяжелое положение (стихийное бедствие, паводки, лечение)",Участвовал,562,"46,8%",34,"39,1%",49,"34,5%",25,"65,8%",31,"60,8%",22,"40,0%",43,"48,3%",25,"64,1%",22,"51,2%",36,"52,2%",14,"34,1%",40,"54,1%",37,"64,9%",16,"34,8%",11,"26,2%",42,"37,8%",8,"61,5%",24,"48,0%",24,"64,9%",28,"56,0%",31,"47,0%"
,Мог бы участвовать,467,"38,9%",38,"43,7%",66,"46,5%",9,"23,7%",11,"21,6%",24,"43,6%",27,"30,3%",9,"23,1%",14,"32,6%",21,"30,4%",13,"31,7%",26,"35,1%",16,"28,1%",27,"58,7%",19,"45,2%",55,"49,5%",5,"38,5%",22,"44,0%",13,"35,1%",20,"40,0%",32,"48,5%"
,Никогда не стал бы участвовать,159,"13,3%",12,"13,8%",27,"19,0%",4,"10,5%",9,"17,6%",9,"16,4%",18,"20,2%",5,"12,8%",7,"16,3%",12,"17,4%",11,"26,8%",7,"9,5%",4,"7,0%",2,"4,3%",11,"26,2%",13,"11,7%",0,"0,0%",4,"8,0%",0,"0,0%",1,"2,0%",3,"4,5%"
,Затурдняюсь ответить,7,",6%",3,"3,4%",0,"0,0%",0,"0,0%",0,"0,0%",0,"0,0%",0,"0,0%",0,"0,0%",0,"0,0%",0,"0,0%",2,"4,9%",1,"1,4%",0,"0,0%",0,"0,0%",0,"0,0%",1,",9%",0,"0,0%",0,"0,0%",0,"0,0%",0,"0,0%",0,"0,0%"
,Отказ от ответа,5,",4%",0,"0,0%",0,"0,0%",0,"0,0%",0,"0,0%",0,"0,0%",1,"1,1%",0,"0,0%",0,"0,0%",0,"0,0%",1,"2,4%",0,"0,0%",0,"0,0%",1,"2,2%",1,"2,4%",0,"0,0%",0,"0,0%",0,"0,0%",0,"0,0%",1,"2,0%",0,"0,0%"
9.3. Участие в выборах (голосовании),Участвовал,813,"67,8%",57,"65,5%",86,"60,6%",31,"81,6%",34,"66,7%",36,"65,5%",51,"57,3%",29,"74,4%",37,"86,0%",55,"79,7%",18,"43,9%",48,"64,9%",47,"82,5%",38,"82,6%",30,"71,4%",57,"51,4%",8,"61,5%",32,"64,0%",28,"75,7%",40,"80,0%",51,"77,3%"
,Мог бы участвовать,186,"15,5%",18,"20,7%",22,"15,5%",1,"2,6%",3,"5,9%",14,"25,5%",15,"16,9%",5,"12,8%",3,"7,0%",8,"11,6%",7,"17,1%",12,"16,2%",7,"12,3%",3,"6,5%",5,"11,9%",32,"28,8%",4,"30,8%",5,"10,0%",7,"18,9%",6,"12,0%",9,"13,6%"
,Никогда не стал бы участвовать,190,"15,8%",11,"12,6%",33,"23,2%",6,"15,8%",14,"27,5%",5,"9,1%",21,"23,6%",5,"12,8%",3,"7,0%",6,"8,7%",13,"31,7%",13,"17,6%",3,"5,3%",5,"10,9%",5,"11,9%",21,"18,9%",1,"7,7%",13,"26,0%",2,"5,4%",4,"8,0%",6,"9,1%"
,Затурдняюсь ответить,8,",7%",1,"1,1%",1,",7%",0,"0,0%",0,"0,0%",0,"0,0%",1,"1,1%",0,"0,0%",0,"0,0%",0,"0,0%",2,"4,9%",1,"1,4%",0,"0,0%",0,"0,0%",1,"2,4%",1,",9%",0,"0,0%",0,"0,0%",0,"0,0%",0,"0,0%",0,"0,0%"
,Отказ от ответа,3,",3%",0,"0,0%",0,"0,0%",0,"0,0%",0,"0,0%",0,"0,0%",1,"1,1%",0,"0,0%",0,"0,0%",0,"0,0%",1,"2,4%",0,"0,0%",0,"0,0%",0,"0,0%",1,"2,4%",0,"0,0%",0,"0,0%",0,"0,0%",0,"0,0%",0,"0,0%",0,"0,0%"
"9.4. Участие в митингах, демонстрациях, пикетах по поводу событий в жизни страны, региона, Вашего населенного пункта",Участвовал,61,"5,1%",1,"1,1%",9,"6,3%",1,"2,6%",1,"2,0%",3,"5,5%",10,"11,2%",1,"2,6%",2,"4,7%",1,"1,4%",3,"7,3%",2,"2,7%",1,"1,8%",1,"2,2%",2,"4,8%",14,"12,6%",1,"7,7%",2,"4,0%",4,"10,8%",0,"0,0%",2,"3,0%"
,Мог бы участвовать,108,"9,0%",2,"2,3%",20,"14,1%",0,"0,0%",0,"0,0%",5,"9,1%",9,"10,1%",9,"23,1%",2,"4,7%",5,"7,2%",3,"7,3%",9,"12,2%",2,"3,5%",3,"6,5%",4,"9,5%",13,"11,7%",3,"23,1%",5,"10,0%",5,"13,5%",3,"6,0%",6,"9,1%"
,Никогда не стал бы участвовать,1003,"83,6%",81,"93,1%",111,"78,2%",37,"97,4%",50,"98,0%",46,"83,6%",66,"74,2%",29,"74,4%",39,"90,7%",63,"91,3%",31,"75,6%",55,"74,3%",54,"94,7%",42,"91,3%",36,"85,7%",82,"73,9%",8,"61,5%",43,"86,0%",25,"67,6%",47,"94,0%",58,"87,9%"
,Затурдняюсь ответить,23,"1,9%",3,"3,4%",2,"1,4%",0,"0,0%",0,"0,0%",1,"1,8%",2,"2,2%",0,"0,0%",0,"0,0%",0,"0,0%",3,"7,3%",7,"9,5%",0,"0,0%",0,"0,0%",0,"0,0%",2,"1,8%",1,"7,7%",0,"0,0%",2,"5,4%",0,"0,0%",0,"0,0%"
,Отказ от ответа,5,",4%",0,"0,0%",0,"0,0%",0,"0,0%",0,"0,0%",0,"0,0%",2,"2,2%",0,"0,0%",0,"0,0%",0,"0,0%",1,"2,4%",1,"1,4%",0,"0,0%",0,"0,0%",0,"0,0%",0,"0,0%",0,"0,0%",0,"0,0%",1,"2,7%",0,"0,0%",0,"0,0%"
"9.5. Участие в деятельности общественных организаций (правозащитных, благотворительных, экологических)",Участвовал,233,"19,4%",4,"4,6%",30,"21,1%",2,"5,3%",11,"21,6%",3,"5,5%",21,"23,6%",11,"28,2%",10,"23,3%",12,"17,4%",9,"22,0%",16,"21,6%",14,"24,6%",5,"10,9%",9,"21,4%",29,"26,1%",3,"23,1%",12,"24,0%",11,"29,7%",13,"26,0%",8,"12,1%"
,Мог бы участвовать,330,"27,5%",17,"19,5%",52,"36,6%",6,"15,8%",2,"3,9%",12,"21,8%",21,"23,6%",15,"38,5%",5,"11,6%",17,"24,6%",8,"19,5%",16,"21,6%",15,"26,3%",10,"21,7%",11,"26,2%",50,"45,0%",7,"53,8%",14,"28,0%",7,"18,9%",15,"30,0%",30,"45,5%"
,Никогда не стал бы участвовать,610,"50,8%",63,"72,4%",59,"41,5%",30,"78,9%",38,"74,5%",39,"70,9%",45,"50,6%",13,"33,3%",26,"60,5%",40,"58,0%",20,"48,8%",34,"45,9%",28,"49,1%",31,"67,4%",21,"50,0%",31,"27,9%",2,"15,4%",24,"48,0%",17,"45,9%",21,"42,0%",28,"42,4%"
,Затурдняюсь ответить,22,"1,8%",3,"3,4%",1,",7%",0,"0,0%",0,"0,0%",1,"1,8%",1,"1,1%",0,"0,0%",2,"4,7%",0,"0,0%",2,"4,9%",7,"9,5%",0,"0,0%",0,"0,0%",1,"2,4%",1,",9%",1,"7,7%",0,"0,0%",1,"2,7%",1,"2,0%",0,"0,0%"
,Отказ от ответа,5,",4%",0,"0,0%",0,"0,0%",0,"0,0%",0,"0,0%",0,"0,0%",1,"1,1%",0,"0,0%",0,"0,0%",0,"0,0%",2,"4,9%",1,"1,4%",0,"0,0%",0,"0,0%",0,"0,0%",0,"0,0%",0,"0,0%",0,"0,0%",1,"2,7%",0,"0,0%",0,"0,0%"
"9.6. Участие в деятельности политических партий, движений",Участвовал,87,"7,3%",3,"3,4%",16,"11,3%",1,"2,6%",5,"9,8%",2,"3,6%",5,"5,6%",1,"2,6%",6,"14,0%",3,"4,3%",3,"7,3%",4,"5,4%",1,"1,8%",4,"8,7%",1,"2,4%",19,"17,1%",1,"7,7%",6,"12,0%",5,"13,5%",0,"0,0%",1,"1,5%"
,Мог бы участвовать,169,"14,1%",5,"5,7%",33,"23,2%",2,"5,3%",1,"2,0%",4,"7,3%",14,"15,7%",4,"10,3%",1,"2,3%",7,"10,1%",2,"4,9%",12,"16,2%",12,"21,1%",2,"4,3%",6,"14,3%",28,"25,2%",6,"46,2%",8,"16,0%",1,"2,7%",7,"14,0%",14,"21,2%"
,Никогда не стал бы участвовать,911,"75,9%",74,"85,1%",90,"63,4%",35,"92,1%",45,"88,2%",48,"87,3%",68,"76,4%",34,"87,2%",35,"81,4%",58,"84,1%",32,"78,0%",50,"67,6%",44,"77,2%",40,"87,0%",34,"81,0%",62,"55,9%",6,"46,2%",35,"70,0%",28,"75,7%",42,"84,0%",51,"77,3%"
,Затурдняюсь ответить,25,"2,1%",5,"5,7%",3,"2,1%",0,"0,0%",0,"0,0%",1,"1,8%",0,"0,0%",0,"0,0%",1,"2,3%",1,"1,4%",2,"4,9%",6,"8,1%",0,"0,0%",0,"0,0%",1,"2,4%",2,"1,8%",0,"0,0%",1,"2,0%",1,"2,7%",1,"2,0%",0,"0,0%"
,Отказ от ответа,8,",7%",0,"0,0%",0,"0,0%",0,"0,0%",0,"0,0%",0,"0,0%",2,"2,2%",0,"0,0%",0,"0,0%",0,"0,0%",2,"4,9%",2,"2,7%",0,"0,0%",0,"0,0%",0,"0,0%",0,"0,0%",0,"0,0%",0,"0,0%",2,"5,4%",0,"0,0%",0,"0,0%"
9.7. Участвовал в проведении избирательной кампании (сбор подписей),Участвовал,164,"13,7%",2,"2,3%",24,"16,9%",4,"10,5%",10,"19,6%",4,"7,3%",10,"11,2%",2,"5,1%",8,"18,6%",7,"10,1%",5,"12,2%",12,"16,2%",6,"10,5%",11,"23,9%",2,"4,8%",26,"23,4%",1,"7,7%",11,"22,0%",7,"18,9%",6,"12,0%",6,"9,1%"
,Мог бы участвовать,169,"14,1%",8,"9,2%",30,"21,1%",2,"5,3%",2,"3,9%",7,"12,7%",9,"10,1%",5,"12,8%",3,"7,0%",6,"8,7%",4,"9,8%",12,"16,2%",6,"10,5%",6,"13,0%",7,"16,7%",25,"22,5%",5,"38,5%",11,"22,0%",2,"5,4%",5,"10,0%",14,"21,2%"
,Никогда не стал бы участвовать,843,"70,3%",75,"86,2%",86,"60,6%",32,"84,2%",39,"76,5%",44,"80,0%",69,"77,5%",32,"82,1%",32,"74,4%",54,"78,3%",28,"68,3%",45,"60,8%",45,"78,9%",29,"63,0%",31,"73,8%",59,"53,2%",6,"46,2%",28,"56,0%",25,"67,6%",38,"76,0%",46,"69,7%"
,Затурдняюсь ответить,18,"1,5%",2,"2,3%",2,"1,4%",0,"0,0%",0,"0,0%",0,"0,0%",0,"0,0%",0,"0,0%",0,"0,0%",2,"2,9%",3,"7,3%",4,"5,4%",0,"0,0%",0,"0,0%",1,"2,4%",1,",9%",0,"0,0%",0,"0,0%",2,"5,4%",1,"2,0%",0,"0,0%"
,Отказ от ответа,6,",5%",0,"0,0%",0,"0,0%",0,"0,0%",0,"0,0%",0,"0,0%",1,"1,1%",0,"0,0%",0,"0,0%",0,"0,0%",1,"2,4%",1,"1,4%",0,"0,0%",0,"0,0%",1,"2,4%",0,"0,0%",1,"7,7%",0,"0,0%",1,"2,7%",0,"0,0%",0,"0,0%"
9.8. Участие в забастовках,Участвовал,43,"3,6%",0,"0,0%",10,"7,0%",0,"0,0%",1,"2,0%",2,"3,6%",1,"1,1%",0,"0,0%",2,"4,7%",1,"1,4%",0,"0,0%",6,"8,1%",0,"0,0%",0,"0,0%",1,"2,4%",12,"10,8%",0,"0,0%",3,"6,0%",2,"5,4%",1,"2,0%",1,"1,5%"
,Мог бы участвовать,67,"5,6%",0,"0,0%",13,"9,2%",1,"2,6%",0,"0,0%",5,"9,1%",8,"9,0%",2,"5,1%",0,"0,0%",1,"1,4%",1,"2,4%",5,"6,8%",0,"0,0%",3,"6,5%",3,"7,1%",11,"9,9%",3,"23,1%",4,"8,0%",2,"5,4%",1,"2,0%",4,"6,1%"
,Никогда не стал бы участвовать,1066,"88,8%",85,"97,7%",115,"81,0%",37,"97,4%",50,"98,0%",47,"85,5%",79,"88,8%",37,"94,9%",41,"95,3%",66,"95,7%",36,"87,8%",58,"78,4%",57,"100,0%",42,"91,3%",37,"88,1%",87,"78,4%",9,"69,2%",43,"86,0%",32,"86,5%",47,"94,0%",61,"92,4%"
,Затурдняюсь ответить,19,"1,6%",2,"2,3%",3,"2,1%",0,"0,0%",0,"0,0%",1,"1,8%",0,"0,0%",0,"0,0%",0,"0,0%",1,"1,4%",3,"7,3%",4,"5,4%",0,"0,0%",1,"2,2%",0,"0,0%",1,",9%",1,"7,7%",0,"0,0%",1,"2,7%",1,"2,0%",0,"0,0%"
,Отказ от ответа,5,",4%",0,"0,0%",1,",7%",0,"0,0%",0,"0,0%",0,"0,0%",1,"1,1%",0,"0,0%",0,"0,0%",0,"0,0%",1,"2,4%",1,"1,4%",0,"0,0%",0,"0,0%",1,"2,4%",0,"0,0%",0,"0,0%",0,"0,0%",0,"0,0%",0,"0,0%",0,"0,0%"
"9.9. Помощь одиноким людям, пожилым, инвалидам",Участвовал,463,"38,6%",17,"19,5%",48,"33,8%",22,"57,9%",24,"47,1%",9,"16,4%",38,"42,7%",16,"41,0%",18,"41,9%",32,"46,4%",12,"29,3%",34,"45,9%",30,"52,6%",17,"37,0%",11,"26,2%",42,"37,8%",8,"61,5%",21,"42,0%",23,"62,2%",23,"46,0%",18,"27,3%"
,Мог бы участвовать,482,"40,2%",46,"52,9%",67,"47,2%",9,"23,7%",6,"11,8%",31,"56,4%",20,"22,5%",20,"51,3%",18,"41,9%",22,"31,9%",15,"36,6%",27,"36,5%",20,"35,1%",22,"47,8%",18,"42,9%",52,"46,8%",5,"38,5%",21,"42,0%",7,"18,9%",22,"44,0%",34,"51,5%"
,Никогда не стал бы участвовать,244,"20,3%",23,"26,4%",26,"18,3%",7,"18,4%",21,"41,2%",15,"27,3%",30,"33,7%",3,"7,7%",7,"16,3%",15,"21,7%",10,"24,4%",10,"13,5%",7,"12,3%",7,"15,2%",13,"31,0%",16,"14,4%",0,"0,0%",8,"16,0%",7,"18,9%",5,"10,0%",14,"21,2%"
,Затурдняюсь ответить,9,",8%",1,"1,1%",1,",7%",0,"0,0%",0,"0,0%",0,"0,0%",0,"0,0%",0,"0,0%",0,"0,0%",0,"0,0%",3,"7,3%",3,"4,1%",0,"0,0%",0,"0,0%",0,"0,0%",1,",9%",0,"0,0%",0,"0,0%",0,"0,0%",0,"0,0%",0,"0,0%"
,Отказ от ответа,2,",2%",0,"0,0%",0,"0,0%",0,"0,0%",0,"0,0%",0,"0,0%",1,"1,1%",0,"0,0%",0,"0,0%",0,"0,0%",1,"2,4%",0,"0,0%",0,"0,0%",0,"0,0%",0,"0,0%",0,"0,0%",0,"0,0%",0,"0,0%",0,"0,0%",0,"0,0%",0,"0,0%"
"9.10. Участвовал в деятельности религиозной общины, церковного прихода",Участвовал,91,"7,6%",3,"3,4%",20,"14,1%",1,"2,6%",0,"0,0%",3,"5,5%",10,"11,2%",4,"10,3%",3,"7,0%",5,"7,2%",3,"7,3%",5,"6,8%",1,"1,8%",3,"6,5%",2,"4,8%",14,"12,6%",0,"0,0%",3,"6,0%",7,"18,9%",1,"2,0%",3,"4,5%"
,Мог бы участвовать,131,"10,9%",6,"6,9%",27,"19,0%",1,"2,6%",0,"0,0%",6,"10,9%",12,"13,5%",8,"20,5%",1,"2,3%",7,"10,1%",8,"19,5%",4,"5,4%",7,"12,3%",4,"8,7%",4,"9,5%",14,"12,6%",1,"7,7%",6,"12,0%",2,"5,4%",9,"18,0%",4,"6,1%"
,Никогда не стал бы участвовать,951,"79,3%",77,"88,5%",90,"63,4%",36,"94,7%",51,"100,0%",46,"83,6%",65,"73,0%",27,"69,2%",39,"90,7%",54,"78,3%",26,"63,4%",63,"85,1%",49,"86,0%",38,"82,6%",33,"78,6%",83,"74,8%",10,"76,9%",41,"82,0%",26,"70,3%",38,"76,0%",59,"89,4%"
,Затурдняюсь ответить,18,"1,5%",1,"1,1%",4,"2,8%",0,"0,0%",0,"0,0%",0,"0,0%",0,"0,0%",0,"0,0%",0,"0,0%",2,"2,9%",3,"7,3%",1,"1,4%",0,"0,0%",1,"2,2%",2,"4,8%",0,"0,0%",1,"7,7%",0,"0,0%",1,"2,7%",2,"4,0%",0,"0,0%"
,Отказ от ответа,9,",8%",0,"0,0%",1,",7%",0,"0,0%",0,"0,0%",0,"0,0%",2,"2,2%",0,"0,0%",0,"0,0%",1,"1,4%",1,"2,4%",1,"1,4%",0,"0,0%",0,"0,0%",1,"2,4%",0,"0,0%",1,"7,7%",0,"0,0%",1,"2,7%",0,"0,0%",0,"0,0%"
9.11. Сдавал кровь в качестве донора,Участвовал,338,"28,2%",18,"20,7%",36,"25,4%",19,"50,0%",22,"43,1%",8,"14,5%",16,"18,0%",16,"41,0%",14,"32,6%",22,"31,9%",7,"17,1%",25,"33,8%",19,"33,3%",5,"10,9%",8,"19,0%",31,"27,9%",5,"38,5%",18,"36,0%",22,"59,5%",18,"36,0%",9,"13,6%"
,Мог бы участвовать,328,"27,3%",25,"28,7%",47,"33,1%",9,"23,7%",6,"11,8%",15,"27,3%",17,"19,1%",12,"30,8%",9,"20,9%",7,"10,1%",8,"19,5%",14,"18,9%",13,"22,8%",20,"43,5%",9,"21,4%",43,"38,7%",5,"38,5%",10,"20,0%",2,"5,4%",20,"40,0%",37,"56,1%"
,Никогда не стал бы участвовать,523,"43,6%",43,"49,4%",59,"41,5%",10,"26,3%",23,"45,1%",32,"58,2%",55,"61,8%",11,"28,2%",20,"46,5%",40,"58,0%",22,"53,7%",33,"44,6%",25,"43,9%",20,"43,5%",24,"57,1%",37,"33,3%",3,"23,1%",22,"44,0%",13,"35,1%",11,"22,0%",20,"30,3%"
,Затурдняюсь ответить,7,",6%",1,"1,1%",0,"0,0%",0,"0,0%",0,"0,0%",0,"0,0%",0,"0,0%",0,"0,0%",0,"0,0%",0,"0,0%",3,"7,3%",1,"1,4%",0,"0,0%",1,"2,2%",0,"0,0%",0,"0,0%",0,"0,0%",0,"0,0%",0,"0,0%",1,"2,0%",0,"0,0%"
,Отказ от ответа,4,",3%",0,"0,0%",0,"0,0%",0,"0,0%",0,"0,0%",0,"0,0%",1,"1,1%",0,"0,0%",0,"0,0%",0,"0,0%",1,"2,4%",1,"1,4%",0,"0,0%",0,"0,0%",1,"2,4%",0,"0,0%",0,"0,0%",0,"0,0%",0,"0,0%",0,"0,0%",0,"0,0%"
9.12. Денежные пожертвования в фонд какой-либо организации или общественно-полезной акции,Участвовал,398,"33,2%",18,"20,7%",50,"35,2%",16,"42,1%",26,"51,0%",14,"25,5%",23,"25,8%",22,"56,4%",17,"39,5%",33,"47,8%",10,"24,4%",32,"43,2%",17,"29,8%",7,"15,2%",10,"23,8%",31,"27,9%",7,"53,8%",23,"46,0%",15,"40,5%",17,"34,0%",10,"15,2%"
,Мог бы участвовать,298,"24,8%",14,"16,1%",37,"26,1%",7,"18,4%",2,"3,9%",13,"23,6%",19,"21,3%",9,"23,1%",9,"20,9%",8,"11,6%",9,"22,0%",13,"17,6%",17,"29,8%",15,"32,6%",11,"26,2%",43,"38,7%",4,"30,8%",13,"26,0%",7,"18,9%",20,"40,0%",28,"42,4%"
,Никогда не стал бы участвовать,487,"40,6%",51,"58,6%",53,"37,3%",15,"39,5%",23,"45,1%",28,"50,9%",46,"51,7%",8,"20,5%",17,"39,5%",27,"39,1%",18,"43,9%",27,"36,5%",22,"38,6%",23,"50,0%",20,"47,6%",37,"33,3%",2,"15,4%",14,"28,0%",15,"40,5%",13,"26,0%",28,"42,4%"
,Затурдняюсь ответить,14,"1,2%",4,"4,6%",2,"1,4%",0,"0,0%",0,"0,0%",0,"0,0%",0,"0,0%",0,"0,0%",0,"0,0%",1,"1,4%",3,"7,3%",1,"1,4%",1,"1,8%",1,"2,2%",1,"2,4%",0,"0,0%",0,"0,0%",0,"0,0%",0,"0,0%",0,"0,0%",0,"0,0%"
,Отказ от ответа,3,",3%",0,"0,0%",0,"0,0%",0,"0,0%",0,"0,0%",0,"0,0%",1,"1,1%",0,"0,0%",0,"0,0%",0,"0,0%",1,"2,4%",1,"1,4%",0,"0,0%",0,"0,0%",0,"0,0%",0,"0,0%",0,"0,0%",0,"0,0%",0,"0,0%",0,"0,0%",0,"0,0%"
9.13. Обращения в государственные органы для решения общественных вопросов,Участвовал,175,"14,6%",5,"5,7%",23,"16,2%",6,"15,8%",7,"13,7%",3,"5,5%",14,"15,7%",4,"10,3%",12,"27,9%",10,"14,5%",4,"9,8%",10,"13,5%",2,"3,5%",8,"17,4%",3,"7,1%",22,"19,8%",3,"23,1%",15,"30,0%",12,"32,4%",6,"12,0%",6,"9,1%"
,Мог бы участвовать,264,"22,0%",18,"20,7%",41,"28,9%",6,"15,8%",2,"3,9%",10,"18,2%",10,"11,2%",9,"23,1%",5,"11,6%",11,"15,9%",6,"14,6%",14,"18,9%",11,"19,3%",8,"17,4%",10,"23,8%",39,"35,1%",5,"38,5%",13,"26,0%",2,"5,4%",15,"30,0%",29,"43,9%"
,Никогда не стал бы участвовать,725,"60,4%",59,"67,8%",74,"52,1%",26,"68,4%",41,"80,4%",42,"76,4%",64,"71,9%",26,"66,7%",26,"60,5%",46,"66,7%",25,"61,0%",44,"59,5%",44,"77,2%",28,"60,9%",27,"64,3%",48,"43,2%",4,"30,8%",22,"44,0%",21,"56,8%",27,"54,0%",31,"47,0%"
,Затурдняюсь ответить,33,"2,8%",5,"5,7%",4,"2,8%",0,"0,0%",1,"2,0%",0,"0,0%",0,"0,0%",0,"0,0%",0,"0,0%",2,"2,9%",5,"12,2%",6,"8,1%",0,"0,0%",2,"4,3%",1,"2,4%",2,"1,8%",1,"7,7%",0,"0,0%",2,"5,4%",2,"4,0%",0,"0,0%"
,Отказ от ответа,3,",3%",0,"0,0%",0,"0,0%",0,"0,0%",0,"0,0%",0,"0,0%",1,"1,1%",0,"0,0%",0,"0,0%",0,"0,0%",1,"2,4%",0,"0,0%",0,"0,0%",0,"0,0%",1,"2,4%",0,"0,0%",0,"0,0%",0,"0,0%",0,"0,0%",0,"0,0%",0,"0,0%"
9.14. Агитировать других людей предпринять какие-либо действия по политическим вопросам,Участвовал,73,"6,1%",1,"1,1%",17,"12,0%",0,"0,0%",3,"5,9%",2,"3,6%",5,"5,6%",1,"2,6%",4,"9,3%",3,"4,3%",1,"2,4%",3,"4,1%",0,"0,0%",3,"6,5%",1,"2,4%",17,"15,3%",1,"7,7%",4,"8,0%",3,"8,1%",2,"4,0%",2,"3,0%"
,Мог бы участвовать,122,"10,2%",1,"1,1%",21,"14,8%",2,"5,3%",1,"2,0%",4,"7,3%",9,"10,1%",4,"10,3%",1,"2,3%",7,"10,1%",3,"7,3%",5,"6,8%",5,"8,8%",3,"6,5%",4,"9,5%",21,"18,9%",4,"30,8%",5,"10,0%",3,"8,1%",5,"10,0%",14,"21,2%"
,Никогда не стал бы участвовать,968,"80,7%",82,"94,3%",97,"68,3%",36,"94,7%",47,"92,2%",49,"89,1%",73,"82,0%",34,"87,2%",38,"88,4%",56,"81,2%",30,"73,2%",60,"81,1%",52,"91,2%",39,"84,8%",35,"83,3%",72,"64,9%",7,"53,8%",41,"82,0%",29,"78,4%",41,"82,0%",50,"75,8%"
,Затурдняюсь ответить,29,"2,4%",3,"3,4%",7,"4,9%",0,"0,0%",0,"0,0%",0,"0,0%",1,"1,1%",0,"0,0%",0,"0,0%",1,"1,4%",6,"14,6%",5,"6,8%",0,"0,0%",1,"2,2%",1,"2,4%",1,",9%",1,"7,7%",0,"0,0%",0,"0,0%",2,"4,0%",0,"0,0%"
,Отказ от ответа,8,",7%",0,"0,0%",0,"0,0%",0,"0,0%",0,"0,0%",0,"0,0%",1,"1,1%",0,"0,0%",0,"0,0%",2,"2,9%",1,"2,4%",1,"1,4%",0,"0,0%",0,"0,0%",1,"2,4%",0,"0,0%",0,"0,0%",0,"0,0%",2,"5,4%",0,"0,0%",0,"0,0%"
9.15. Принимаю участие в работе общественных советов (консультативные совещательные органы при местных исполнительных органах),Участвовал,104,"8,7%",0,"0,0%",22,"15,5%",2,"5,3%",2,"3,9%",2,"3,6%",11,"12,4%",0,"0,0%",3,"7,0%",7,"10,1%",3,"7,3%",10,"13,5%",2,"3,5%",3,"6,5%",1,"2,4%",16,"14,4%",1,"7,7%",7,"14,0%",5,"13,5%",5,"10,0%",2,"3,0%"
,Мог бы участвовать,172,"14,3%",4,"4,6%",33,"23,2%",4,"10,5%",1,"2,0%",5,"9,1%",11,"12,4%",9,"23,1%",2,"4,7%",8,"11,6%",4,"9,8%",9,"12,2%",8,"14,0%",5,"10,9%",4,"9,5%",26,"23,4%",4,"30,8%",8,"16,0%",3,"8,1%",7,"14,0%",17,"25,8%"
,Никогда не стал бы участвовать,874,"72,8%",78,"89,7%",80,"56,3%",32,"84,2%",48,"94,1%",48,"87,3%",64,"71,9%",27,"69,2%",38,"88,4%",52,"75,4%",27,"65,9%",49,"66,2%",47,"82,5%",36,"78,3%",33,"78,6%",68,"61,3%",7,"53,8%",33,"66,0%",25,"67,6%",35,"70,0%",47,"71,2%"
,Затурдняюсь ответить,41,"3,4%",4,"4,6%",7,"4,9%",0,"0,0%",0,"0,0%",0,"0,0%",2,"2,2%",3,"7,7%",0,"0,0%",1,"1,4%",6,"14,6%",5,"6,8%",0,"0,0%",2,"4,3%",2,"4,8%",1,",9%",1,"7,7%",2,"4,0%",2,"5,4%",3,"6,0%",0,"0,0%"
,Отказ от ответа,9,",8%",1,"1,1%",0,"0,0%",0,"0,0%",0,"0,0%",0,"0,0%",1,"1,1%",0,"0,0%",0,"0,0%",1,"1,4%",1,"2,4%",1,"1,4%",0,"0,0%",0,"0,0%",2,"4,8%",0,"0,0%",0,"0,0%",0,"0,0%",2,"5,4%",0,"0,0%",0,"0,0%"
,,КАЗАХСТАН,,г. Астана,,г. Алматы,,Абайская область,,Акмолинская область,,Актюбинская область,,Алматинская область,,Атырауская область,,Западно-Казахстанская область,,Жамбылская область,,Жетысуская область,,Карагандинская область,,Костанайская область,,Кызылординская область,,Мангистауская область,,Туркестанская область,,Улытауская область,,Павлодарская область,,Северо-Казахстанская область,,Востночно-Казахстанская область,,г. Шымкент,
10.1. Поиск информации о политике и политических событиях,Делал это,236,"19,7%",11,"12,6%",33,"23,2%",9,"23,7%",11,"21,6%",7,"12,7%",13,"14,6%",4,"10,3%",10,"23,3%",13,"18,8%",3,"7,3%",24,"32,4%",9,"15,8%",9,"19,6%",4,"9,5%",18,"16,2%",4,"30,8%",9,"18,0%",10,"27,0%",10,"20,0%",25,"37,9%"
,Мог бы делать это,247,"20,6%",28,"32,2%",33,"23,2%",8,"21,1%",1,"2,0%",6,"10,9%",10,"11,2%",5,"12,8%",3,"7,0%",12,"17,4%",11,"26,8%",14,"18,9%",16,"28,1%",13,"28,3%",9,"21,4%",23,"20,7%",2,"15,4%",14,"28,0%",7,"18,9%",9,"18,0%",23,"34,8%"
,Ни при каких обстоятельствах не стал бы это делать,660,"55,0%",42,"48,3%",70,"49,3%",21,"55,3%",37,"72,5%",42,"76,4%",61,"68,5%",30,"76,9%",29,"67,4%",40,"58,0%",17,"41,5%",29,"39,2%",32,"56,1%",24,"52,2%",28,"66,7%",65,"58,6%",3,"23,1%",26,"52,0%",19,"51,4%",28,"56,0%",17,"25,8%"
,Не пользуюсь интернетом,35,"2,9%",3,"3,4%",4,"2,8%",0,"0,0%",2,"3,9%",0,"0,0%",4,"4,5%",0,"0,0%",0,"0,0%",3,"4,3%",7,"17,1%",3,"4,1%",0,"0,0%",0,"0,0%",0,"0,0%",3,"2,7%",3,"23,1%",1,"2,0%",0,"0,0%",2,"4,0%",0,"0,0%"
,Отказ от ответа,11,",9%",2,"2,3%",1,",7%",0,"0,0%",0,"0,0%",0,"0,0%",0,"0,0%",0,"0,0%",0,"0,0%",0,"0,0%",3,"7,3%",1,"1,4%",0,"0,0%",0,"0,0%",1,"2,4%",0,"0,0%",1,"7,7%",0,"0,0%",1,"2,7%",1,"2,0%",0,"0,0%"
,Затрудняюсь ответить,11,",9%",1,"1,1%",1,",7%",0,"0,0%",0,"0,0%",0,"0,0%",1,"1,1%",0,"0,0%",1,"2,3%",1,"1,4%",0,"0,0%",3,"4,1%",0,"0,0%",0,"0,0%",0,"0,0%",2,"1,8%",0,"0,0%",0,"0,0%",0,"0,0%",0,"0,0%",1,"1,5%"
"10.2. Подписывать электронные обращения, 109, ikomek. e-otinish и др.",Делал это,212,"17,7%",15,"17,2%",24,"16,9%",8,"21,1%",6,"11,8%",7,"12,7%",12,"13,5%",5,"12,8%",11,"25,6%",9,"13,0%",3,"7,3%",11,"14,9%",2,"3,5%",9,"19,6%",11,"26,2%",24,"21,6%",10,"76,9%",3,"6,0%",2,"5,4%",10,"20,0%",30,"45,5%"
,Мог бы делать это,221,"18,4%",27,"31,0%",39,"27,5%",8,"21,1%",0,"0,0%",8,"14,5%",12,"13,5%",6,"15,4%",5,"11,6%",8,"11,6%",5,"12,2%",11,"14,9%",9,"15,8%",8,"17,4%",7,"16,7%",26,"23,4%",0,"0,0%",13,"26,0%",5,"13,5%",5,"10,0%",19,"28,8%"
,Ни при каких обстоятельствах не стал бы это делать,717,"59,8%",39,"44,8%",73,"51,4%",22,"57,9%",43,"84,3%",40,"72,7%",62,"69,7%",27,"69,2%",25,"58,1%",49,"71,0%",27,"65,9%",43,"58,1%",46,"80,7%",29,"63,0%",21,"50,0%",58,"52,3%",3,"23,1%",34,"68,0%",27,"73,0%",33,"66,0%",16,"24,2%"
,Не пользуюсь интернетом,28,"2,3%",3,"3,4%",5,"3,5%",0,"0,0%",2,"3,9%",0,"0,0%",2,"2,2%",1,"2,6%",1,"2,3%",2,"2,9%",3,"7,3%",5,"6,8%",0,"0,0%",0,"0,0%",1,"2,4%",1,",9%",0,"0,0%",0,"0,0%",1,"2,7%",1,"2,0%",0,"0,0%"
,Отказ от ответа,8,",7%",0,"0,0%",0,"0,0%",0,"0,0%",0,"0,0%",0,"0,0%",0,"0,0%",0,"0,0%",0,"0,0%",0,"0,0%",3,"7,3%",2,"2,7%",0,"0,0%",0,"0,0%",2,"4,8%",0,"0,0%",0,"0,0%",0,"0,0%",0,"0,0%",1,"2,0%",0,"0,0%"
,Затрудняюсь ответить,14,"1,2%",3,"3,4%",1,",7%",0,"0,0%",0,"0,0%",0,"0,0%",1,"1,1%",0,"0,0%",1,"2,3%",1,"1,4%",0,"0,0%",2,"2,7%",0,"0,0%",0,"0,0%",0,"0,0%",2,"1,8%",0,"0,0%",0,"0,0%",2,"5,4%",0,"0,0%",1,"1,5%"
10.3. Подписывать петиции,Делал это,160,"13,3%",11,"12,6%",24,"16,9%",7,"18,4%",8,"15,7%",5,"9,1%",11,"12,4%",3,"7,7%",2,"4,7%",8,"11,6%",1,"2,4%",14,"18,9%",2,"3,5%",5,"10,9%",3,"7,1%",17,"15,3%",8,"61,5%",6,"12,0%",2,"5,4%",11,"22,0%",12,"18,2%"
,Мог бы делать это,207,"17,3%",21,"24,1%",42,"29,6%",7,"18,4%",1,"2,0%",6,"10,9%",11,"12,4%",5,"12,8%",3,"7,0%",9,"13,0%",5,"12,2%",13,"17,6%",5,"8,8%",3,"6,5%",5,"11,9%",20,"18,0%",1,"7,7%",14,"28,0%",8,"21,6%",8,"16,0%",20,"30,3%"
,Ни при каких обстоятельствах не стал бы это делать,784,"65,3%",49,"56,3%",71,"50,0%",24,"63,2%",39,"76,5%",43,"78,2%",63,"70,8%",31,"79,5%",36,"83,7%",49,"71,0%",30,"73,2%",41,"55,4%",49,"86,0%",37,"80,4%",30,"71,4%",71,"64,0%",4,"30,8%",28,"56,0%",26,"70,3%",30,"60,0%",33,"50,0%"
,Не пользуюсь интернетом,29,"2,4%",3,"3,4%",3,"2,1%",0,"0,0%",3,"5,9%",1,"1,8%",3,"3,4%",0,"0,0%",0,"0,0%",2,"2,9%",2,"4,9%",3,"4,1%",1,"1,8%",1,"2,2%",3,"7,1%",1,",9%",0,"0,0%",2,"4,0%",0,"0,0%",1,"2,0%",0,"0,0%"
,Отказ от ответа,9,",8%",1,"1,1%",1,",7%",0,"0,0%",0,"0,0%",0,"0,0%",0,"0,0%",0,"0,0%",1,"2,3%",0,"0,0%",3,"7,3%",1,"1,4%",0,"0,0%",0,"0,0%",1,"2,4%",0,"0,0%",0,"0,0%",0,"0,0%",1,"2,7%",0,"0,0%",0,"0,0%"
,Затрудняюсь ответить,11,",9%",2,"2,3%",1,",7%",0,"0,0%",0,"0,0%",0,"0,0%",1,"1,1%",0,"0,0%",1,"2,3%",1,"1,4%",0,"0,0%",2,"2,7%",0,"0,0%",0,"0,0%",0,"0,0%",2,"1,8%",0,"0,0%",0,"0,0%",0,"0,0%",0,"0,0%",1,"1,5%"
10.4. Оказываю поддержку инициаторам/ активистам в виде лайков,Делал это,225,"18,8%",5,"5,7%",34,"23,9%",5,"13,2%",7,"13,7%",6,"10,9%",12,"13,5%",10,"25,6%",7,"16,3%",20,"29,0%",7,"17,1%",15,"20,3%",4,"7,0%",11,"23,9%",12,"28,6%",28,"25,2%",5,"38,5%",9,"18,0%",4,"10,8%",6,"12,0%",18,"27,3%"
,Мог бы делать это,200,"16,7%",16,"18,4%",36,"25,4%",6,"15,8%",0,"0,0%",3,"5,5%",8,"9,0%",3,"7,7%",1,"2,3%",9,"13,0%",9,"22,0%",17,"23,0%",8,"14,0%",5,"10,9%",10,"23,8%",24,"21,6%",4,"30,8%",15,"30,0%",9,"24,3%",7,"14,0%",10,"15,2%"
,Ни при каких обстоятельствах не стал бы это делать,735,"61,3%",62,"71,3%",69,"48,6%",27,"71,1%",41,"80,4%",45,"81,8%",65,"73,0%",26,"66,7%",33,"76,7%",38,"55,1%",20,"48,8%",33,"44,6%",45,"78,9%",30,"65,2%",18,"42,9%",57,"51,4%",3,"23,1%",26,"52,0%",23,"62,2%",37,"74,0%",37,"56,1%"
,Не пользуюсь интернетом,24,"2,0%",2,"2,3%",3,"2,1%",0,"0,0%",3,"5,9%",1,"1,8%",3,"3,4%",0,"0,0%",1,"2,3%",1,"1,4%",2,"4,9%",6,"8,1%",0,"0,0%",0,"0,0%",1,"2,4%",0,"0,0%",1,"7,7%",0,"0,0%",0,"0,0%",0,"0,0%",0,"0,0%"
,Отказ от ответа,6,",5%",0,"0,0%",0,"0,0%",0,"0,0%",0,"0,0%",0,"0,0%",0,"0,0%",0,"0,0%",0,"0,0%",0,"0,0%",3,"7,3%",1,"1,4%",0,"0,0%",0,"0,0%",1,"2,4%",0,"0,0%",0,"0,0%",0,"0,0%",1,"2,7%",0,"0,0%",0,"0,0%"
,Затрудняюсь ответить,10,",8%",2,"2,3%",0,"0,0%",0,"0,0%",0,"0,0%",0,"0,0%",1,"1,1%",0,"0,0%",1,"2,3%",1,"1,4%",0,"0,0%",2,"2,7%",0,"0,0%",0,"0,0%",0,"0,0%",2,"1,8%",0,"0,0%",0,"0,0%",0,"0,0%",0,"0,0%",1,"1,5%"
10.5. Комментирую контент инициаторов в их аккаунтах,Делал это,165,"13,8%",5,"5,7%",23,"16,2%",4,"10,5%",5,"9,8%",4,"7,3%",10,"11,2%",8,"20,5%",5,"11,6%",16,"23,2%",5,"12,2%",13,"17,6%",0,"0,0%",6,"13,0%",6,"14,3%",23,"20,7%",3,"23,1%",3,"6,0%",4,"10,8%",5,"10,0%",17,"25,8%"
,Мог бы делать это,165,"13,8%",8,"9,2%",35,"24,6%",4,"10,5%",1,"2,0%",1,"1,8%",6,"6,7%",3,"7,7%",1,"2,3%",10,"14,5%",8,"19,5%",5,"6,8%",8,"14,0%",6,"13,0%",9,"21,4%",22,"19,8%",6,"46,2%",8,"16,0%",7,"18,9%",6,"12,0%",11,"16,7%"
,Ни при каких обстоятельствах не стал бы это делать,829,"69,1%",71,"81,6%",80,"56,3%",30,"78,9%",42,"82,4%",50,"90,9%",70,"78,7%",27,"69,2%",36,"83,7%",41,"59,4%",23,"56,1%",47,"63,5%",49,"86,0%",34,"73,9%",25,"59,5%",62,"55,9%",3,"23,1%",38,"76,0%",25,"67,6%",39,"78,0%",37,"56,1%"
,Не пользуюсь интернетом,24,"2,0%",1,"1,1%",3,"2,1%",0,"0,0%",3,"5,9%",0,"0,0%",2,"2,2%",1,"2,6%",0,"0,0%",1,"1,4%",2,"4,9%",6,"8,1%",0,"0,0%",0,"0,0%",1,"2,4%",2,"1,8%",1,"7,7%",1,"2,0%",0,"0,0%",0,"0,0%",0,"0,0%"
,Отказ от ответа,6,",5%",0,"0,0%",0,"0,0%",0,"0,0%",0,"0,0%",0,"0,0%",0,"0,0%",0,"0,0%",0,"0,0%",0,"0,0%",3,"7,3%",1,"1,4%",0,"0,0%",0,"0,0%",1,"2,4%",0,"0,0%",0,"0,0%",0,"0,0%",1,"2,7%",0,"0,0%",0,"0,0%"
,Затрудняюсь ответить,11,",9%",2,"2,3%",1,",7%",0,"0,0%",0,"0,0%",0,"0,0%",1,"1,1%",0,"0,0%",1,"2,3%",1,"1,4%",0,"0,0%",2,"2,7%",0,"0,0%",0,"0,0%",0,"0,0%",2,"1,8%",0,"0,0%",0,"0,0%",0,"0,0%",0,"0,0%",1,"1,5%"
10.6. Размещаю контент от инициаторов у себя на странице,Делал это,105,"8,8%",0,"0,0%",13,"9,2%",3,"7,9%",5,"9,8%",4,"7,3%",8,"9,0%",3,"7,7%",4,"9,3%",8,"11,6%",4,"9,8%",5,"6,8%",2,"3,5%",2,"4,3%",3,"7,1%",17,"15,3%",4,"30,8%",3,"6,0%",2,"5,4%",6,"12,0%",9,"13,6%"
,Мог бы делать это,131,"10,9%",4,"4,6%",27,"19,0%",3,"7,9%",0,"0,0%",2,"3,6%",4,"4,5%",2,"5,1%",2,"4,7%",7,"10,1%",4,"9,8%",9,"12,2%",2,"3,5%",6,"13,0%",10,"23,8%",20,"18,0%",3,"23,1%",7,"14,0%",2,"5,4%",3,"6,0%",14,"21,2%"
,Ни при каких обстоятельствах не стал бы это делать,923,"76,9%",83,"95,4%",96,"67,6%",32,"84,2%",43,"84,3%",49,"89,1%",74,"83,1%",34,"87,2%",36,"83,7%",52,"75,4%",28,"68,3%",52,"70,3%",53,"93,0%",37,"80,4%",27,"64,3%",71,"64,0%",3,"23,1%",40,"80,0%",31,"83,8%",41,"82,0%",41,"62,1%"
,Не пользуюсь интернетом,25,"2,1%",0,"0,0%",5,"3,5%",0,"0,0%",3,"5,9%",0,"0,0%",2,"2,2%",0,"0,0%",0,"0,0%",1,"1,4%",2,"4,9%",5,"6,8%",0,"0,0%",1,"2,2%",1,"2,4%",1,",9%",3,"23,1%",0,"0,0%",1,"2,7%",0,"0,0%",0,"0,0%"
,Отказ от ответа,6,",5%",0,"0,0%",0,"0,0%",0,"0,0%",0,"0,0%",0,"0,0%",0,"0,0%",0,"0,0%",0,"0,0%",0,"0,0%",3,"7,3%",1,"1,4%",0,"0,0%",0,"0,0%",1,"2,4%",0,"0,0%",0,"0,0%",0,"0,0%",1,"2,7%",0,"0,0%",0,"0,0%"
,Затрудняюсь ответить,10,",8%",0,"0,0%",1,",7%",0,"0,0%",0,"0,0%",0,"0,0%",1,"1,1%",0,"0,0%",1,"2,3%",1,"1,4%",0,"0,0%",2,"2,7%",0,"0,0%",0,"0,0%",0,"0,0%",2,"1,8%",0,"0,0%",0,"0,0%",0,"0,0%",0,"0,0%",2,"3,0%"
"10.7. Взаимодействую с инициаторами, обсуждая способы решения проблемы",Делал это,68,"5,7%",1,"1,1%",11,"7,7%",1,"2,6%",1,"2,0%",2,"3,6%",5,"5,6%",2,"5,1%",3,"7,0%",6,"8,7%",2,"4,9%",5,"6,8%",1,"1,8%",3,"6,5%",1,"2,4%",13,"11,7%",2,"15,4%",2,"4,0%",2,"5,4%",2,"4,0%",3,"4,5%"
,Мог бы делать это,155,"12,9%",5,"5,7%",34,"23,9%",5,"13,2%",0,"0,0%",3,"5,5%",6,"6,7%",2,"5,1%",2,"4,7%",8,"11,6%",7,"17,1%",8,"10,8%",5,"8,8%",6,"13,0%",5,"11,9%",21,"18,9%",3,"23,1%",8,"16,0%",4,"10,8%",5,"10,0%",18,"27,3%"
,Ни при каких обстоятельствах не стал бы это делать,930,"77,5%",80,"92,0%",90,"63,4%",32,"84,2%",47,"92,2%",50,"90,9%",74,"83,1%",35,"89,7%",37,"86,0%",52,"75,4%",25,"61,0%",54,"73,0%",51,"89,5%",35,"76,1%",33,"78,6%",74,"66,7%",6,"46,2%",40,"80,0%",29,"78,4%",42,"84,0%",44,"66,7%"
,Не пользуюсь интернетом,29,"2,4%",1,"1,1%",5,"3,5%",0,"0,0%",3,"5,9%",0,"0,0%",3,"3,4%",0,"0,0%",0,"0,0%",2,"2,9%",3,"7,3%",4,"5,4%",0,"0,0%",2,"4,3%",1,"2,4%",1,",9%",2,"15,4%",0,"0,0%",1,"2,7%",1,"2,0%",0,"0,0%"
,Отказ от ответа,9,",8%",0,"0,0%",1,",7%",0,"0,0%",0,"0,0%",0,"0,0%",0,"0,0%",0,"0,0%",0,"0,0%",0,"0,0%",4,"9,8%",1,"1,4%",0,"0,0%",0,"0,0%",2,"4,8%",0,"0,0%",0,"0,0%",0,"0,0%",1,"2,7%",0,"0,0%",0,"0,0%"
,Затрудняюсь ответить,9,",8%",0,"0,0%",1,",7%",0,"0,0%",0,"0,0%",0,"0,0%",1,"1,1%",0,"0,0%",1,"2,3%",1,"1,4%",0,"0,0%",2,"2,7%",0,"0,0%",0,"0,0%",0,"0,0%",2,"1,8%",0,"0,0%",0,"0,0%",0,"0,0%",0,"0,0%",1,"1,5%"
"10.8. Взаимодействую с инициаторами, жертвуя личные средства на решение проблемы",Делал это,62,"5,2%",1,"1,1%",12,"8,5%",2,"5,3%",3,"5,9%",0,"0,0%",4,"4,5%",4,"10,3%",4,"9,3%",5,"7,2%",3,"7,3%",2,"2,7%",0,"0,0%",1,"2,2%",1,"2,4%",11,"9,9%",1,"7,7%",1,"2,0%",2,"5,4%",2,"4,0%",3,"4,5%"
,Мог бы делать это,147,"12,3%",4,"4,6%",31,"21,8%",3,"7,9%",0,"0,0%",3,"5,5%",6,"6,7%",3,"7,7%",0,"0,0%",9,"13,0%",7,"17,1%",8,"10,8%",8,"14,0%",2,"4,3%",4,"9,5%",23,"20,7%",4,"30,8%",7,"14,0%",4,"10,8%",5,"10,0%",16,"24,2%"
,Ни при каких обстоятельствах не стал бы это делать,939,"78,3%",80,"92,0%",92,"64,8%",33,"86,8%",45,"88,2%",52,"94,5%",76,"85,4%",31,"79,5%",37,"86,0%",52,"75,4%",26,"63,4%",52,"70,3%",49,"86,0%",42,"91,3%",34,"81,0%",74,"66,7%",5,"38,5%",42,"84,0%",29,"78,4%",42,"84,0%",46,"69,7%"
,Не пользуюсь интернетом,36,"3,0%",2,"2,3%",6,"4,2%",0,"0,0%",3,"5,9%",0,"0,0%",2,"2,2%",1,"2,6%",1,"2,3%",2,"2,9%",2,"4,9%",9,"12,2%",0,"0,0%",1,"2,2%",1,"2,4%",1,",9%",3,"23,1%",0,"0,0%",1,"2,7%",1,"2,0%",0,"0,0%"
,Отказ от ответа,6,",5%",0,"0,0%",0,"0,0%",0,"0,0%",0,"0,0%",0,"0,0%",0,"0,0%",0,"0,0%",0,"0,0%",0,"0,0%",3,"7,3%",1,"1,4%",0,"0,0%",0,"0,0%",1,"2,4%",0,"0,0%",0,"0,0%",0,"0,0%",1,"2,7%",0,"0,0%",0,"0,0%"
,Затрудняюсь ответить,10,",8%",0,"0,0%",1,",7%",0,"0,0%",0,"0,0%",0,"0,0%",1,"1,1%",0,"0,0%",1,"2,3%",1,"1,4%",0,"0,0%",2,"2,7%",0,"0,0%",0,"0,0%",1,"2,4%",2,"1,8%",0,"0,0%",0,"0,0%",0,"0,0%",0,"0,0%",1,"1,5%"
"10.9. Взаимодействую с инициаторами, помогая собрать ресурсы для решения проблемы",Делал это,71,"5,9%",2,"2,3%",17,"12,0%",4,"10,5%",3,"5,9%",0,"0,0%",4,"4,5%",5,"12,8%",2,"4,7%",6,"8,7%",2,"4,9%",0,"0,0%",1,"1,8%",2,"4,3%",1,"2,4%",13,"11,7%",2,"15,4%",2,"4,0%",2,"5,4%",1,"2,0%",2,"3,0%"
,Мог бы делать это,172,"14,3%",4,"4,6%",36,"25,4%",2,"5,3%",0,"0,0%",3,"5,5%",5,"5,6%",4,"10,3%",0,"0,0%",8,"11,6%",8,"19,5%",7,"9,5%",6,"10,5%",6,"13,0%",7,"16,7%",27,"24,3%",3,"23,1%",11,"22,0%",5,"13,5%",6,"12,0%",24,"36,4%"
,Ни при каких обстоятельствах не стал бы это делать,911,"75,9%",80,"92,0%",84,"59,2%",32,"84,2%",45,"88,2%",52,"94,5%",76,"85,4%",30,"76,9%",39,"90,7%",53,"76,8%",25,"61,0%",56,"75,7%",50,"87,7%",38,"82,6%",31,"73,8%",68,"61,3%",6,"46,2%",37,"74,0%",28,"75,7%",42,"84,0%",39,"59,1%"
,Не пользуюсь интернетом,28,"2,3%",1,"1,1%",3,"2,1%",0,"0,0%",3,"5,9%",0,"0,0%",3,"3,4%",0,"0,0%",1,"2,3%",1,"1,4%",3,"7,3%",7,"9,5%",0,"0,0%",0,"0,0%",1,"2,4%",1,",9%",2,"15,4%",0,"0,0%",1,"2,7%",1,"2,0%",0,"0,0%"
,Отказ от ответа,8,",7%",0,"0,0%",1,",7%",0,"0,0%",0,"0,0%",0,"0,0%",0,"0,0%",0,"0,0%",0,"0,0%",0,"0,0%",3,"7,3%",2,"2,7%",0,"0,0%",0,"0,0%",1,"2,4%",0,"0,0%",0,"0,0%",0,"0,0%",1,"2,7%",0,"0,0%",0,"0,0%"
,Затрудняюсь ответить,10,",8%",0,"0,0%",1,",7%",0,"0,0%",0,"0,0%",0,"0,0%",1,"1,1%",0,"0,0%",1,"2,3%",1,"1,4%",0,"0,0%",2,"2,7%",0,"0,0%",0,"0,0%",1,"2,4%",2,"1,8%",0,"0,0%",0,"0,0%",0,"0,0%",0,"0,0%",1,"1,5%"
"10.10. Создаю собственный контент (риллсы, подкасты, веду блог и пр.)",Делал это,55,"4,6%",2,"2,3%",15,"10,6%",0,"0,0%",0,"0,0%",0,"0,0%",3,"3,4%",2,"5,1%",4,"9,3%",7,"10,1%",2,"4,9%",1,"1,4%",0,"0,0%",2,"4,3%",0,"0,0%",9,"8,1%",1,"7,7%",1,"2,0%",2,"5,4%",2,"4,0%",2,"3,0%"
,Мог бы делать это,138,"11,5%",1,"1,1%",25,"17,6%",7,"18,4%",0,"0,0%",3,"5,5%",6,"6,7%",4,"10,3%",1,"2,3%",11,"15,9%",5,"12,2%",3,"4,1%",5,"8,8%",2,"4,3%",9,"21,4%",24,"21,6%",4,"30,8%",6,"12,0%",2,"5,4%",4,"8,0%",16,"24,2%"
,Ни при каких обстоятельствах не стал бы это делать,961,"80,1%",83,"95,4%",98,"69,0%",31,"81,6%",48,"94,1%",52,"94,5%",77,"86,5%",33,"84,6%",37,"86,0%",49,"71,0%",29,"70,7%",58,"78,4%",52,"91,2%",41,"89,1%",30,"71,4%",75,"67,6%",6,"46,2%",43,"86,0%",30,"81,1%",43,"86,0%",46,"69,7%"
,Не пользуюсь интернетом,28,"2,3%",1,"1,1%",3,"2,1%",0,"0,0%",3,"5,9%",0,"0,0%",2,"2,2%",0,"0,0%",0,"0,0%",1,"1,4%",2,"4,9%",7,"9,5%",0,"0,0%",1,"2,2%",2,"4,8%",1,",9%",2,"15,4%",0,"0,0%",2,"5,4%",1,"2,0%",0,"0,0%"
,Отказ от ответа,8,",7%",0,"0,0%",0,"0,0%",0,"0,0%",0,"0,0%",0,"0,0%",0,"0,0%",0,"0,0%",0,"0,0%",0,"0,0%",3,"7,3%",3,"4,1%",0,"0,0%",0,"0,0%",1,"2,4%",0,"0,0%",0,"0,0%",0,"0,0%",1,"2,7%",0,"0,0%",0,"0,0%"
,Затрудняюсь ответить,10,",8%",0,"0,0%",1,",7%",0,"0,0%",0,"0,0%",0,"0,0%",1,"1,1%",0,"0,0%",1,"2,3%",1,"1,4%",0,"0,0%",2,"2,7%",0,"0,0%",0,"0,0%",0,"0,0%",2,"1,8%",0,"0,0%",0,"0,0%",0,"0,0%",0,"0,0%",2,"3,0%"
,,КАЗАХСТАН,,г. Астана,,г. Алматы,,Абайская область,,Акмолинская область,,Актюбинская область,,Алматинская область,,Атырауская область,,Западно-Казахстанская область,,Жамбылская область,,Жетысуская область,,Карагандинская область,,Костанайская область,,Кызылординская область,,Мангистауская область,,Туркестанская область,,Улытауская область,,Павлодарская область,,Северо-Казахстанская область,,Востночно-Казахстанская область,,г. Шымкент,
Q11. Что побуждает Вас на активное участие в общественной жизни?,Возможность быть полезным другим людям,405,"33,8%",35,"40,2%",48,"33,8%",21,"55,3%",10,"19,6%",14,"25,5%",22,"24,7%",15,"38,5%",6,"14,0%",27,"39,1%",11,"26,8%",29,"39,2%",38,"66,7%",13,"28,3%",4,"9,5%",24,"21,6%",5,"38,5%",18,"36,0%",15,"40,5%",17,"34,0%",33,"50,0%"
,Возможность стать узнаваемым активистом,60,"5,0%",1,"1,1%",7,"4,9%",7,"18,4%",1,"2,0%",0,"0,0%",2,"2,2%",0,"0,0%",1,"2,3%",5,"7,2%",4,"9,8%",2,"2,7%",4,"7,0%",1,"2,2%",1,"2,4%",2,"1,8%",0,"0,0%",1,"2,0%",0,"0,0%",2,"4,0%",19,"28,8%"
,Участие других жителей в общественной жизни и инициативах,93,"7,8%",9,"10,3%",10,"7,0%",1,"2,6%",1,"2,0%",1,"1,8%",4,"4,5%",1,"2,6%",1,"2,3%",14,"20,3%",1,"2,4%",9,"12,2%",16,"28,1%",3,"6,5%",1,"2,4%",2,"1,8%",0,"0,0%",3,"6,0%",5,"13,5%",0,"0,0%",11,"16,7%"
,Возможность решить волнующую лично проблему,195,"16,3%",13,"14,9%",25,"17,6%",5,"13,2%",1,"2,0%",11,"20,0%",10,"11,2%",6,"15,4%",3,"7,0%",13,"18,8%",10,"24,4%",10,"13,5%",20,"35,1%",11,"23,9%",14,"33,3%",6,"5,4%",2,"15,4%",6,"12,0%",4,"10,8%",8,"16,0%",17,"25,8%"
,"Осознание того, что это социально полезное и одобряемое населением дело",140,"11,7%",5,"5,7%",15,"10,6%",7,"18,4%",3,"5,9%",3,"5,5%",10,"11,2%",2,"5,1%",2,"4,7%",10,"14,5%",6,"14,6%",9,"12,2%",19,"33,3%",1,"2,2%",4,"9,5%",7,"6,3%",2,"15,4%",10,"20,0%",6,"16,2%",5,"10,0%",14,"21,2%"
,Нарушение моих прав и желание их отстоять,175,"14,6%",11,"12,6%",11,"7,7%",3,"7,9%",11,"21,6%",3,"5,5%",19,"21,3%",8,"20,5%",8,"18,6%",17,"24,6%",4,"9,8%",14,"18,9%",16,"28,1%",4,"8,7%",7,"16,7%",7,"6,3%",2,"15,4%",9,"18,0%",6,"16,2%",2,"4,0%",13,"19,7%"
,"Стремление помочь людям, попавшим в трудную ситуацию, нуждающимся в поддержке",360,"30,0%",24,"27,6%",32,"22,5%",10,"26,3%",14,"27,5%",8,"14,5%",17,"19,1%",13,"33,3%",12,"27,9%",34,"49,3%",6,"14,6%",27,"36,5%",39,"68,4%",20,"43,5%",6,"14,3%",20,"18,0%",5,"38,5%",17,"34,0%",11,"29,7%",12,"24,0%",33,"50,0%"
,Возможность повлиять на политику центральных и/или местных властей,76,"6,3%",7,"8,0%",3,"2,1%",2,"5,3%",1,"2,0%",0,"0,0%",9,"10,1%",4,"10,3%",1,"2,3%",7,"10,1%",2,"4,9%",7,"9,5%",4,"7,0%",1,"2,2%",1,"2,4%",1,",9%",0,"0,0%",4,"8,0%",5,"13,5%",6,"12,0%",11,"16,7%"
,Возможность публично выразить протест властям,72,"6,0%",2,"2,3%",4,"2,8%",2,"5,3%",1,"2,0%",0,"0,0%",12,"13,5%",2,"5,1%",0,"0,0%",6,"8,7%",3,"7,3%",4,"5,4%",6,"10,5%",3,"6,5%",1,"2,4%",5,"4,5%",0,"0,0%",1,"2,0%",3,"8,1%",2,"4,0%",15,"22,7%"
,Возможность публично выразить свое недовольство социальной обстановкой в городе/селе,78,"6,5%",3,"3,4%",6,"4,2%",0,"0,0%",3,"5,9%",3,"5,5%",7,"7,9%",3,"7,7%",1,"2,3%",9,"13,0%",3,"7,3%",5,"6,8%",7,"12,3%",1,"2,2%",1,"2,4%",3,"2,7%",0,"0,0%",7,"14,0%",2,"5,4%",3,"6,0%",11,"16,7%"
,"Боязнь общественного порицания со стороны соседей по дому, коллег по работе, товарищей и близких за бездействие",42,"3,5%",0,"0,0%",6,"4,2%",0,"0,0%",2,"3,9%",0,"0,0%",3,"3,4%",1,"2,6%",0,"0,0%",7,"10,1%",4,"9,8%",0,"0,0%",3,"5,3%",1,"2,2%",1,"2,4%",0,"0,0%",0,"0,0%",2,"4,0%",2,"5,4%",1,"2,0%",9,"13,6%"
,"Возможность приобрести новые знания, умения, опыт, в том числе опыт общения с новыми людьми",212,"17,7%",10,"11,5%",28,"19,7%",5,"13,2%",3,"5,9%",2,"3,6%",10,"11,2%",6,"15,4%",4,"9,3%",16,"23,2%",6,"14,6%",14,"18,9%",28,"49,1%",8,"17,4%",5,"11,9%",13,"11,7%",2,"15,4%",17,"34,0%",9,"24,3%",9,"18,0%",17,"25,8%"
,Возможность подняться по карьерной лестнице,66,"5,5%",3,"3,4%",8,"5,6%",0,"0,0%",3,"5,9%",1,"1,8%",2,"2,2%",1,"2,6%",0,"0,0%",6,"8,7%",4,"9,8%",3,"4,1%",8,"14,0%",4,"8,7%",1,"2,4%",7,"6,3%",0,"0,0%",4,"8,0%",0,"0,0%",0,"0,0%",11,"16,7%"
,Ничего не может побуждать,212,"17,7%",33,"37,9%",25,"17,6%",5,"13,2%",11,"21,6%",16,"29,1%",21,"23,6%",11,"28,2%",8,"18,6%",7,"10,1%",2,"4,9%",15,"20,3%",2,"3,5%",4,"8,7%",2,"4,8%",16,"14,4%",2,"15,4%",7,"14,0%",6,"16,2%",16,"32,0%",3,"4,5%"
,Другое,4,",3%",1,"1,1%",1,",7%",0,"0,0%",0,"0,0%",0,"0,0%",0,"0,0%",0,"0,0%",0,"0,0%",1,"1,4%",0,"0,0%",0,"0,0%",0,"0,0%",0,"0,0%",0,"0,0%",0,"0,0%",0,"0,0%",0,"0,0%",0,"0,0%",0,"0,0%",1,"1,5%"
,Затрудняюсь ответить,44,"3,7%",4,"4,6%",6,"4,2%",0,"0,0%",2,"3,9%",2,"3,6%",1,"1,1%",3,"7,7%",4,"9,3%",0,"0,0%",5,"12,2%",5,"6,8%",0,"0,0%",1,"2,2%",4,"9,5%",4,"3,6%",1,"7,7%",0,"0,0%",0,"0,0%",2,"4,0%",0,"0,0%"
,,КАЗАХСТАН,,г. Астана,,г. Алматы,,Абайская область,,Акмолинская область,,Актюбинская область,,Алматинская область,,Атырауская область,,Западно-Казахстанская область,,Жамбылская область,,Жетысуская область,,Карагандинская область,,Костанайская область,,Кызылординская область,,Мангистауская область,,Туркестанская область,,Улытауская область,,Павлодарская область,,Северо-Казахстанская область,,Востночно-Казахстанская область,,г. Шымкент,
"Q12. Что мешает Вам для участия в жизни Вашего населенного пункта (города, поселка, села)?","Занятость на работе и дома, нет времени",350,"29,2%",30,"34,5%",23,"16,2%",24,"63,2%",18,"35,3%",21,"38,2%",25,"28,1%",9,"23,1%",11,"25,6%",19,"27,5%",6,"14,6%",24,"32,4%",34,"59,6%",14,"30,4%",14,"33,3%",15,"13,5%",4,"30,8%",12,"24,0%",10,"27,0%",14,"28,0%",23,"34,8%"
,"Неверие в реальную пользу, ничего не изменится",129,"10,8%",7,"8,0%",9,"6,3%",3,"7,9%",2,"3,9%",3,"5,5%",16,"18,0%",7,"17,9%",2,"4,7%",8,"11,6%",4,"9,8%",9,"12,2%",11,"19,3%",4,"8,7%",2,"4,8%",19,"17,1%",0,"0,0%",6,"12,0%",5,"13,5%",4,"8,0%",8,"12,1%"
,Возраст,154,"12,8%",14,"16,1%",18,"12,7%",3,"7,9%",4,"7,8%",10,"18,2%",9,"10,1%",5,"12,8%",2,"4,7%",15,"21,7%",2,"4,9%",10,"13,5%",9,"15,8%",4,"8,7%",7,"16,7%",7,"6,3%",1,"7,7%",14,"28,0%",9,"24,3%",5,"10,0%",6,"9,1%"
,"Нет желания, интереса",177,"14,8%",23,"26,4%",22,"15,5%",3,"7,9%",5,"9,8%",11,"20,0%",9,"10,1%",4,"10,3%",4,"9,3%",11,"15,9%",2,"4,9%",12,"16,2%",6,"10,5%",5,"10,9%",5,"11,9%",13,"11,7%",2,"15,4%",7,"14,0%",8,"21,6%",8,"16,0%",17,"25,8%"
,"Плохое здоровье, болезни",110,"9,2%",8,"9,2%",16,"11,3%",1,"2,6%",4,"7,8%",3,"5,5%",7,"7,9%",5,"12,8%",1,"2,3%",7,"10,1%",4,"9,8%",4,"5,4%",9,"15,8%",4,"8,7%",2,"4,8%",6,"5,4%",1,"7,7%",10,"20,0%",7,"18,9%",4,"8,0%",7,"10,6%"
,Каждый должен заниматься своим делом,277,"23,1%",17,"19,5%",12,"8,5%",6,"15,8%",8,"15,7%",17,"30,9%",17,"19,1%",9,"23,1%",16,"37,2%",21,"30,4%",8,"19,5%",15,"20,3%",26,"45,6%",16,"34,8%",4,"9,5%",29,"26,1%",2,"15,4%",15,"30,0%",9,"24,3%",10,"20,0%",20,"30,3%"
,Не позволяют личные качества,132,"11,0%",3,"3,4%",26,"18,3%",0,"0,0%",5,"9,8%",9,"16,4%",4,"4,5%",5,"12,8%",9,"20,9%",6,"8,7%",3,"7,3%",11,"14,9%",7,"12,3%",4,"8,7%",3,"7,1%",9,"8,1%",2,"15,4%",1,"2,0%",2,"5,4%",5,"10,0%",18,"27,3%"
,"Низкий уровень образования, отсутствие способностей",56,"4,7%",2,"2,3%",6,"4,2%",0,"0,0%",0,"0,0%",1,"1,8%",0,"0,0%",3,"7,7%",1,"2,3%",8,"11,6%",4,"9,8%",3,"4,1%",5,"8,8%",3,"6,5%",1,"2,4%",3,"2,7%",1,"7,7%",4,"8,0%",3,"8,1%",4,"8,0%",4,"6,1%"
,Отсутствие организации,136,"11,3%",5,"5,7%",22,"15,5%",3,"7,9%",4,"7,8%",4,"7,3%",13,"14,6%",6,"15,4%",1,"2,3%",13,"18,8%",7,"17,1%",11,"14,9%",7,"12,3%",3,"6,5%",1,"2,4%",5,"4,5%",1,"7,7%",4,"8,0%",3,"8,1%",6,"12,0%",17,"25,8%"
,Есть отрицательный опыт участия,18,"1,5%",1,"1,1%",3,"2,1%",0,"0,0%",0,"0,0%",0,"0,0%",2,"2,2%",1,"2,6%",0,"0,0%",0,"0,0%",1,"2,4%",1,"1,4%",1,"1,8%",1,"2,2%",1,"2,4%",0,"0,0%",0,"0,0%",0,"0,0%",1,"2,7%",2,"4,0%",3,"4,5%"
,Отсутствие поддержки со стороны других жителей,100,"8,3%",7,"8,0%",13,"9,2%",4,"10,5%",4,"7,8%",2,"3,6%",8,"9,0%",5,"12,8%",1,"2,3%",6,"8,7%",2,"4,9%",8,"10,8%",9,"15,8%",1,"2,2%",1,"2,4%",7,"6,3%",0,"0,0%",3,"6,0%",5,"13,5%",1,"2,0%",13,"19,7%"
,"Отсутствие информации, не знаю где искать информацию",86,"7,2%",7,"8,0%",10,"7,0%",2,"5,3%",4,"7,8%",3,"5,5%",7,"7,9%",3,"7,7%",2,"4,7%",8,"11,6%",6,"14,6%",5,"6,8%",8,"14,0%",2,"4,3%",1,"2,4%",3,"2,7%",0,"0,0%",2,"4,0%",3,"8,1%",4,"8,0%",6,"9,1%"
,Другое,6,",5%",1,"1,1%",0,"0,0%",0,"0,0%",0,"0,0%",0,"0,0%",0,"0,0%",0,"0,0%",0,"0,0%",0,"0,0%",0,"0,0%",2,"2,7%",0,"0,0%",0,"0,0%",0,"0,0%",0,"0,0%",0,"0,0%",0,"0,0%",1,"2,7%",2,"4,0%",0,"0,0%"
,Ничего,40,"3,3%",7,"8,0%",11,"7,7%",0,"0,0%",2,"3,9%",0,"0,0%",7,"7,9%",2,"5,1%",1,"2,3%",4,"5,8%",0,"0,0%",0,"0,0%",0,"0,0%",0,"0,0%",0,"0,0%",1,",9%",0,"0,0%",1,"2,0%",0,"0,0%",1,"2,0%",3,"4,5%"
,Затрудняюсь ответить,34,"2,8%",3,"3,4%",8,"5,6%",0,"0,0%",1,"2,0%",0,"0,0%",1,"1,1%",4,"10,3%",2,"4,7%",0,"0,0%",4,"9,8%",5,"6,8%",0,"0,0%",0,"0,0%",2,"4,8%",0,"0,0%",1,"7,7%",0,"0,0%",0,"0,0%",3,"6,0%",0,"0,0%"
,,КАЗАХСТАН,,г. Астана,,г. Алматы,,Абайская область,,Акмолинская область,,Актюбинская область,,Алматинская область,,Атырауская область,,Западно-Казахстанская область,,Жамбылская область,,Жетысуская область,,Карагандинская область,,Костанайская область,,Кызылординская область,,Мангистауская область,,Туркестанская область,,Улытауская область,,Павлодарская область,,Северо-Казахстанская область,,Востночно-Казахстанская область,,г. Шымкент,
"13. Готовы ли Вы объединяться с другими людьми для совместных действий, если Ваши идеи и интересы совпадают?","Да, готов",438,"36,5%",8,"9,2%",49,"34,5%",18,"47,4%",31,"60,8%",15,"27,3%",41,"46,1%",21,"53,8%",11,"25,6%",34,"49,3%",22,"53,7%",19,"25,7%",14,"24,6%",12,"26,1%",23,"54,8%",59,"53,2%",7,"53,8%",18,"36,0%",15,"40,5%",11,"22,0%",10,"15,2%"
,Скорее готов,267,"22,3%",25,"28,7%",29,"20,4%",4,"10,5%",7,"13,7%",7,"12,7%",21,"23,6%",7,"17,9%",5,"11,6%",15,"21,7%",10,"24,4%",20,"27,0%",18,"31,6%",11,"23,9%",2,"4,8%",16,"14,4%",1,"7,7%",12,"24,0%",12,"32,4%",12,"24,0%",33,"50,0%"
,Скорее не готов,124,"10,3%",11,"12,6%",12,"8,5%",6,"15,8%",3,"5,9%",8,"14,5%",9,"10,1%",1,"2,6%",4,"9,3%",3,"4,3%",3,"7,3%",12,"16,2%",12,"21,1%",5,"10,9%",2,"4,8%",3,"2,7%",3,"23,1%",6,"12,0%",5,"13,5%",5,"10,0%",11,"16,7%"
,Не готов,340,"28,3%",40,"46,0%",48,"33,8%",9,"23,7%",7,"13,7%",25,"45,5%",18,"20,2%",10,"25,6%",22,"51,2%",16,"23,2%",5,"12,2%",14,"18,9%",13,"22,8%",18,"39,1%",13,"31,0%",32,"28,8%",0,"0,0%",12,"24,0%",5,"13,5%",21,"42,0%",12,"18,2%"
,Затрудняюсь ответить,31,"2,6%",3,"3,4%",4,"2,8%",1,"2,6%",3,"5,9%",0,"0,0%",0,"0,0%",0,"0,0%",1,"2,3%",1,"1,4%",1,"2,4%",9,"12,2%",0,"0,0%",0,"0,0%",2,"4,8%",1,",9%",2,"15,4%",2,"4,0%",0,"0,0%",1,"2,0%",0,"0,0%"
,,КАЗАХСТАН,,г. Астана,,г. Алматы,,Абайская область,,Акмолинская область,,Актюбинская область,,Алматинская область,,Атырауская область,,Западно-Казахстанская область,,Жамбылская область,,Жетысуская область,,Карагандинская область,,Костанайская область,,Кызылординская область,,Мангистауская область,,Туркестанская область,,Улытауская область,,Павлодарская область,,Северо-Казахстанская область,,Востночно-Казахстанская область,,г. Шымкент,
14.1. стать организатором этого мероприятия,Готов,680,"56,7%",29,"33,3%",77,"54,2%",22,"57,9%",49,"96,1%",28,"50,9%",54,"60,7%",16,"41,0%",26,"60,5%",41,"59,4%",36,"87,8%",36,"48,6%",26,"45,6%",28,"60,9%",21,"50,0%",78,"70,3%",10,"76,9%",24,"48,0%",22,"59,5%",24,"48,0%",33,"50,0%"
,Не готов,500,"41,7%",54,"62,1%",63,"44,4%",16,"42,1%",1,"2,0%",27,"49,1%",32,"36,0%",23,"59,0%",17,"39,5%",28,"40,6%",4,"9,8%",36,"48,6%",31,"54,4%",17,"37,0%",20,"47,6%",32,"28,8%",3,"23,1%",25,"50,0%",15,"40,5%",23,"46,0%",33,"50,0%"
,Затрудняюсь ответить,20,"1,7%",4,"4,6%",2,"1,4%",0,"0,0%",1,"2,0%",0,"0,0%",3,"3,4%",0,"0,0%",0,"0,0%",0,"0,0%",1,"2,4%",2,"2,7%",0,"0,0%",1,"2,2%",1,"2,4%",1,",9%",0,"0,0%",1,"2,0%",0,"0,0%",3,"6,0%",0,"0,0%"
14.2. принять непосредственное участие в этом мероприятии,Готов,953,"79,4%",60,"69,0%",97,"68,3%",34,"89,5%",49,"96,1%",41,"74,5%",70,"78,7%",33,"84,6%",34,"79,1%",58,"84,1%",39,"95,1%",54,"73,0%",52,"91,2%",38,"82,6%",28,"66,7%",89,"80,2%",13,"100,0%",43,"86,0%",32,"86,5%",41,"82,0%",48,"72,7%"
,Не готов,230,"19,2%",25,"28,7%",41,"28,9%",4,"10,5%",1,"2,0%",14,"25,5%",16,"18,0%",6,"15,4%",9,"20,9%",10,"14,5%",2,"4,9%",16,"21,6%",5,"8,8%",7,"15,2%",13,"31,0%",22,"19,8%",0,"0,0%",7,"14,0%",5,"13,5%",9,"18,0%",18,"27,3%"
,Затрудняюсь ответить,17,"1,4%",2,"2,3%",4,"2,8%",0,"0,0%",1,"2,0%",0,"0,0%",3,"3,4%",0,"0,0%",0,"0,0%",1,"1,4%",0,"0,0%",4,"5,4%",0,"0,0%",1,"2,2%",1,"2,4%",0,"0,0%",0,"0,0%",0,"0,0%",0,"0,0%",0,"0,0%",0,"0,0%"
14.3. пожертвовать деньги для проведения этого мероприятия,Готов,814,"67,8%",36,"41,4%",89,"62,7%",30,"78,9%",49,"96,1%",41,"74,5%",69,"77,5%",32,"82,1%",30,"69,8%",51,"73,9%",30,"73,2%",49,"66,2%",34,"59,6%",29,"63,0%",20,"47,6%",82,"73,9%",11,"84,6%",36,"72,0%",24,"64,9%",33,"66,0%",39,"59,1%"
,Не готов,348,"29,0%",44,"50,6%",47,"33,1%",8,"21,1%",1,"2,0%",14,"25,5%",18,"20,2%",7,"17,9%",12,"27,9%",16,"23,2%",5,"12,2%",18,"24,3%",23,"40,4%",12,"26,1%",21,"50,0%",29,"26,1%",2,"15,4%",14,"28,0%",13,"35,1%",17,"34,0%",27,"40,9%"
,Затрудняюсь ответить,38,"3,2%",7,"8,0%",6,"4,2%",0,"0,0%",1,"2,0%",0,"0,0%",2,"2,2%",0,"0,0%",1,"2,3%",2,"2,9%",6,"14,6%",7,"9,5%",0,"0,0%",5,"10,9%",1,"2,4%",0,"0,0%",0,"0,0%",0,"0,0%",0,"0,0%",0,"0,0%",0,"0,0%"
,,КАЗАХСТАН,,г. Астана,,г. Алматы,,Абайская область,,Акмолинская область,,Актюбинская область,,Алматинская область,,Атырауская область,,Западно-Казахстанская область,,Жамбылская область,,Жетысуская область,,Карагандинская область,,Костанайская область,,Кызылординская область,,Мангистауская область,,Туркестанская область,,Улытауская область,,Павлодарская область,,Северо-Казахстанская область,,Востночно-Казахстанская область,,г. Шымкент,
"15.1. Общественные Советы, направленные на учет мнения общественности при обсуждении и принятии государственных решений",Участвовал обсуждении,82,"6,8%",1,"1,1%",12,"8,5%",1,"2,6%",2,"3,9%",1,"1,8%",5,"5,6%",0,"0,0%",3,"7,0%",4,"5,8%",2,"4,9%",9,"12,2%",1,"1,8%",4,"8,7%",2,"4,8%",15,"13,5%",1,"7,7%",5,"10,0%",2,"5,4%",4,"8,0%",8,"12,1%"
,Хорошо знаком/ слышал,271,"22,6%",14,"16,1%",38,"26,8%",3,"7,9%",5,"9,8%",5,"9,1%",27,"30,3%",7,"17,9%",3,"7,0%",20,"29,0%",6,"14,6%",20,"27,0%",13,"22,8%",10,"21,7%",6,"14,3%",38,"34,2%",3,"23,1%",8,"16,0%",8,"21,6%",13,"26,0%",24,"36,4%"
,Ничего об этом не знаю,847,"70,6%",72,"82,8%",92,"64,8%",34,"89,5%",44,"86,3%",49,"89,1%",57,"64,0%",32,"82,1%",37,"86,0%",45,"65,2%",33,"80,5%",45,"60,8%",43,"75,4%",32,"69,6%",34,"81,0%",58,"52,3%",9,"69,2%",37,"74,0%",27,"73,0%",33,"66,0%",34,"51,5%"
"15.2. Интернет-портал «Открытые бюджеты», направленный на участие населения в обсуждении проектов бюджетных программ",Участвовал обсуждении,65,"5,4%",0,"0,0%",10,"7,0%",0,"0,0%",2,"3,9%",2,"3,6%",1,"1,1%",0,"0,0%",2,"4,7%",3,"4,3%",5,"12,2%",8,"10,8%",0,"0,0%",0,"0,0%",2,"4,8%",17,"15,3%",1,"7,7%",3,"6,0%",2,"5,4%",2,"4,0%",5,"7,6%"
,Хорошо знаком/ слышал,205,"17,1%",6,"6,9%",32,"22,5%",3,"7,9%",6,"11,8%",2,"3,6%",27,"30,3%",7,"17,9%",2,"4,7%",15,"21,7%",5,"12,2%",15,"20,3%",7,"12,3%",3,"6,5%",6,"14,3%",23,"20,7%",2,"15,4%",9,"18,0%",4,"10,8%",10,"20,0%",21,"31,8%"
,Ничего об этом не знаю,930,"77,5%",81,"93,1%",100,"70,4%",35,"92,1%",43,"84,3%",51,"92,7%",61,"68,5%",32,"82,1%",39,"90,7%",51,"73,9%",31,"75,6%",51,"68,9%",50,"87,7%",43,"93,5%",34,"81,0%",71,"64,0%",10,"76,9%",38,"76,0%",31,"83,8%",38,"76,0%",40,"60,6%"
"15.3. Интернет-портал «Открытые нормативные правовые акты», содержащий информацию по законопроектам, открытую для общественного обсуждения",Участвовал обсуждении,68,"5,7%",0,"0,0%",11,"7,7%",0,"0,0%",4,"7,8%",1,"1,8%",1,"1,1%",0,"0,0%",2,"4,7%",2,"2,9%",6,"14,6%",9,"12,2%",0,"0,0%",1,"2,2%",2,"4,8%",18,"16,2%",1,"7,7%",4,"8,0%",1,"2,7%",1,"2,0%",4,"6,1%"
,Хорошо знаком/ слышал,223,"18,6%",8,"9,2%",28,"19,7%",5,"13,2%",8,"15,7%",2,"3,6%",29,"32,6%",5,"12,8%",2,"4,7%",16,"23,2%",4,"9,8%",17,"23,0%",5,"8,8%",9,"19,6%",6,"14,3%",25,"22,5%",3,"23,1%",10,"20,0%",6,"16,2%",14,"28,0%",21,"31,8%"
,Ничего об этом не знаю,909,"75,8%",79,"90,8%",103,"72,5%",33,"86,8%",39,"76,5%",52,"94,5%",59,"66,3%",34,"87,2%",39,"90,7%",51,"73,9%",31,"75,6%",48,"64,9%",52,"91,2%",36,"78,3%",34,"81,0%",68,"61,3%",9,"69,2%",36,"72,0%",30,"81,1%",35,"70,0%",41,"62,1%"
15.4. Бюджет народного участия,Участвовал обсуждении,63,"5,3%",0,"0,0%",11,"7,7%",0,"0,0%",2,"3,9%",1,"1,8%",0,"0,0%",0,"0,0%",2,"4,7%",3,"4,3%",4,"9,8%",4,"5,4%",0,"0,0%",5,"10,9%",2,"4,8%",17,"15,3%",1,"7,7%",3,"6,0%",2,"5,4%",2,"4,0%",4,"6,1%"
,Хорошо знаком/ слышал,205,"17,1%",9,"10,3%",33,"23,2%",3,"7,9%",6,"11,8%",2,"3,6%",21,"23,6%",5,"12,8%",2,"4,7%",15,"21,7%",6,"14,6%",11,"14,9%",5,"8,8%",7,"15,2%",5,"11,9%",28,"25,2%",3,"23,1%",9,"18,0%",5,"13,5%",9,"18,0%",21,"31,8%"
,Ничего об этом не знаю,932,"77,7%",78,"89,7%",98,"69,0%",35,"92,1%",43,"84,3%",52,"94,5%",68,"76,4%",34,"87,2%",39,"90,7%",51,"73,9%",31,"75,6%",59,"79,7%",52,"91,2%",34,"73,9%",35,"83,3%",66,"59,5%",9,"69,2%",38,"76,0%",30,"81,1%",39,"78,0%",41,"62,1%"
,,КАЗАХСТАН,,г. Астана,,г. Алматы,,Абайская область,,Акмолинская область,,Актюбинская область,,Алматинская область,,Атырауская область,,Западно-Казахстанская область,,Жамбылская область,,Жетысуская область,,Карагандинская область,,Костанайская область,,Кызылординская область,,Мангистауская область,,Туркестанская область,,Улытауская область,,Павлодарская область,,Северо-Казахстанская область,,Востночно-Казахстанская область,,г. Шымкент,
16.1. Президентские выборы,Каждый раз,767,"63,9%",45,"51,7%",79,"55,6%",23,"60,5%",37,"72,5%",34,"61,8%",54,"60,7%",19,"48,7%",37,"86,0%",47,"68,1%",23,"56,1%",52,"70,3%",38,"66,7%",31,"67,4%",24,"57,1%",64,"57,7%",12,"92,3%",27,"54,0%",30,"81,1%",40,"80,0%",51,"77,3%"
,В большинстве случаев,213,"17,8%",29,"33,3%",27,"19,0%",10,"26,3%",0,"0,0%",13,"23,6%",17,"19,1%",8,"20,5%",2,"4,7%",9,"13,0%",6,"14,6%",7,"9,5%",11,"19,3%",9,"19,6%",11,"26,2%",24,"21,6%",1,"7,7%",9,"18,0%",4,"10,8%",5,"10,0%",11,"16,7%"
,Никогда,202,"16,8%",13,"14,9%",30,"21,1%",5,"13,2%",14,"27,5%",8,"14,5%",17,"19,1%",12,"30,8%",3,"7,0%",11,"15,9%",11,"26,8%",14,"18,9%",8,"14,0%",6,"13,0%",6,"14,3%",22,"19,8%",0,"0,0%",12,"24,0%",3,"8,1%",4,"8,0%",3,"4,5%"
,Не имею права голосовать,10,",8%",0,"0,0%",2,"1,4%",0,"0,0%",0,"0,0%",0,"0,0%",1,"1,1%",0,"0,0%",0,"0,0%",2,"2,9%",0,"0,0%",1,"1,4%",0,"0,0%",0,"0,0%",0,"0,0%",1,",9%",0,"0,0%",2,"4,0%",0,"0,0%",0,"0,0%",1,"1,5%"
,Отказ от ответа,4,",3%",0,"0,0%",3,"2,1%",0,"0,0%",0,"0,0%",0,"0,0%",0,"0,0%",0,"0,0%",0,"0,0%",0,"0,0%",0,"0,0%",0,"0,0%",0,"0,0%",0,"0,0%",0,"0,0%",0,"0,0%",0,"0,0%",0,"0,0%",0,"0,0%",1,"2,0%",0,"0,0%"
,Затрудняюсь ответить,4,",3%",0,"0,0%",1,",7%",0,"0,0%",0,"0,0%",0,"0,0%",0,"0,0%",0,"0,0%",1,"2,3%",0,"0,0%",1,"2,4%",0,"0,0%",0,"0,0%",0,"0,0%",1,"2,4%",0,"0,0%",0,"0,0%",0,"0,0%",0,"0,0%",0,"0,0%",0,"0,0%"
16.2. Парламентские выборы,Каждый раз,512,"42,7%",26,"29,9%",42,"29,6%",11,"28,9%",15,"29,4%",25,"45,5%",30,"33,7%",9,"23,1%",33,"76,7%",36,"52,2%",20,"48,8%",30,"40,5%",27,"47,4%",28,"60,9%",19,"45,2%",53,"47,7%",7,"53,8%",20,"40,0%",17,"45,9%",24,"48,0%",40,"60,6%"
,В большинстве случаев,233,"19,4%",27,"31,0%",38,"26,8%",4,"10,5%",1,"2,0%",12,"21,8%",12,"13,5%",5,"12,8%",2,"4,7%",12,"17,4%",6,"14,6%",19,"25,7%",15,"26,3%",6,"13,0%",8,"19,0%",24,"21,6%",2,"15,4%",8,"16,0%",8,"21,6%",6,"12,0%",18,"27,3%"
,Никогда,431,"35,9%",33,"37,9%",57,"40,1%",23,"60,5%",35,"68,6%",18,"32,7%",44,"49,4%",25,"64,1%",8,"18,6%",17,"24,6%",14,"34,1%",24,"32,4%",15,"26,3%",12,"26,1%",13,"31,0%",33,"29,7%",2,"15,4%",19,"38,0%",12,"32,4%",20,"40,0%",7,"10,6%"
,Не имею права голосовать,14,"1,2%",0,"0,0%",2,"1,4%",0,"0,0%",0,"0,0%",0,"0,0%",3,"3,4%",0,"0,0%",0,"0,0%",3,"4,3%",0,"0,0%",1,"1,4%",0,"0,0%",0,"0,0%",0,"0,0%",1,",9%",0,"0,0%",3,"6,0%",0,"0,0%",0,"0,0%",1,"1,5%"
,Отказ от ответа,5,",4%",1,"1,1%",1,",7%",0,"0,0%",0,"0,0%",0,"0,0%",0,"0,0%",0,"0,0%",0,"0,0%",1,"1,4%",0,"0,0%",0,"0,0%",0,"0,0%",0,"0,0%",0,"0,0%",0,"0,0%",2,"15,4%",0,"0,0%",0,"0,0%",0,"0,0%",0,"0,0%"
,Затрудняюсь ответить,5,",4%",0,"0,0%",2,"1,4%",0,"0,0%",0,"0,0%",0,"0,0%",0,"0,0%",0,"0,0%",0,"0,0%",0,"0,0%",1,"2,4%",0,"0,0%",0,"0,0%",0,"0,0%",2,"4,8%",0,"0,0%",0,"0,0%",0,"0,0%",0,"0,0%",0,"0,0%",0,"0,0%"
16.3. Выборы депутатов маслихата,Каждый раз,478,"39,8%",21,"24,1%",36,"25,4%",9,"23,7%",17,"33,3%",27,"49,1%",26,"29,2%",9,"23,1%",32,"74,4%",35,"50,7%",21,"51,2%",28,"37,8%",25,"43,9%",18,"39,1%",18,"42,9%",51,"45,9%",6,"46,2%",20,"40,0%",16,"43,2%",24,"48,0%",39,"59,1%"
,В большинстве случаев,194,"16,2%",17,"19,5%",32,"22,5%",6,"15,8%",1,"2,0%",9,"16,4%",12,"13,5%",5,"12,8%",2,"4,7%",9,"13,0%",4,"9,8%",15,"20,3%",10,"17,5%",9,"19,6%",4,"9,5%",24,"21,6%",1,"7,7%",7,"14,0%",8,"21,6%",5,"10,0%",14,"21,2%"
,Никогда,500,"41,7%",47,"54,0%",69,"48,6%",23,"60,5%",33,"64,7%",19,"34,5%",48,"53,9%",25,"64,1%",9,"20,9%",21,"30,4%",15,"36,6%",30,"40,5%",22,"38,6%",19,"41,3%",19,"45,2%",34,"30,6%",4,"30,8%",19,"38,0%",13,"35,1%",19,"38,0%",12,"18,2%"
,Не имею права голосовать,16,"1,3%",0,"0,0%",2,"1,4%",0,"0,0%",0,"0,0%",0,"0,0%",3,"3,4%",0,"0,0%",0,"0,0%",3,"4,3%",0,"0,0%",1,"1,4%",0,"0,0%",0,"0,0%",0,"0,0%",2,"1,8%",0,"0,0%",3,"6,0%",0,"0,0%",1,"2,0%",1,"1,5%"
,Отказ от ответа,9,",8%",2,"2,3%",2,"1,4%",0,"0,0%",0,"0,0%",0,"0,0%",0,"0,0%",0,"0,0%",0,"0,0%",1,"1,4%",0,"0,0%",0,"0,0%",0,"0,0%",0,"0,0%",0,"0,0%",0,"0,0%",2,"15,4%",1,"2,0%",0,"0,0%",1,"2,0%",0,"0,0%"
,Затрудняюсь ответить,3,",3%",0,"0,0%",1,",7%",0,"0,0%",0,"0,0%",0,"0,0%",0,"0,0%",0,"0,0%",0,"0,0%",0,"0,0%",1,"2,4%",0,"0,0%",0,"0,0%",0,"0,0%",1,"2,4%",0,"0,0%",0,"0,0%",0,"0,0%",0,"0,0%",0,"0,0%",0,"0,0%"
16.4. Референдумы,Каждый раз,567,"47,3%",25,"28,7%",44,"31,0%",10,"26,3%",24,"47,1%",30,"54,5%",41,"46,1%",13,"33,3%",34,"79,1%",41,"59,4%",19,"46,3%",36,"48,6%",33,"57,9%",26,"56,5%",19,"45,2%",46,"41,4%",9,"69,2%",23,"46,0%",23,"62,2%",31,"62,0%",40,"60,6%"
,В большинстве случаев,206,"17,2%",30,"34,5%",31,"21,8%",4,"10,5%",0,"0,0%",12,"21,8%",10,"11,2%",4,"10,3%",2,"4,7%",9,"13,0%",4,"9,8%",10,"13,5%",12,"21,1%",12,"26,1%",9,"21,4%",24,"21,6%",2,"15,4%",4,"8,0%",2,"5,4%",8,"16,0%",17,"25,8%"
,Никогда,396,"33,0%",29,"33,3%",61,"43,0%",24,"63,2%",27,"52,9%",13,"23,6%",36,"40,4%",22,"56,4%",7,"16,3%",15,"21,7%",16,"39,0%",25,"33,8%",12,"21,1%",7,"15,2%",12,"28,6%",39,"35,1%",1,"7,7%",20,"40,0%",12,"32,4%",10,"20,0%",8,"12,1%"
,Не имею права голосовать,19,"1,6%",0,"0,0%",3,"2,1%",0,"0,0%",0,"0,0%",0,"0,0%",2,"2,2%",0,"0,0%",0,"0,0%",3,"4,3%",1,"2,4%",3,"4,1%",0,"0,0%",1,"2,2%",0,"0,0%",2,"1,8%",0,"0,0%",3,"6,0%",0,"0,0%",0,"0,0%",1,"1,5%"
,Отказ от ответа,9,",8%",3,"3,4%",2,"1,4%",0,"0,0%",0,"0,0%",0,"0,0%",0,"0,0%",0,"0,0%",0,"0,0%",1,"1,4%",0,"0,0%",0,"0,0%",0,"0,0%",0,"0,0%",1,"2,4%",0,"0,0%",1,"7,7%",0,"0,0%",0,"0,0%",1,"2,0%",0,"0,0%"
,Затрудняюсь ответить,3,",3%",0,"0,0%",1,",7%",0,"0,0%",0,"0,0%",0,"0,0%",0,"0,0%",0,"0,0%",0,"0,0%",0,"0,0%",1,"2,4%",0,"0,0%",0,"0,0%",0,"0,0%",1,"2,4%",0,"0,0%",0,"0,0%",0,"0,0%",0,"0,0%",0,"0,0%",0,"0,0%"
16.5. Выборы акимов районов,Каждый раз,425,"35,4%",14,"16,1%",34,"23,9%",9,"23,7%",18,"35,3%",25,"45,5%",30,"33,7%",6,"15,4%",25,"58,1%",34,"49,3%",20,"48,8%",24,"32,4%",27,"47,4%",19,"41,3%",18,"42,9%",52,"46,8%",8,"61,5%",14,"28,0%",16,"43,2%",24,"48,0%",8,"12,1%"
,В большинстве случаев,150,"12,5%",12,"13,8%",21,"14,8%",4,"10,5%",1,"2,0%",7,"12,7%",7,"7,9%",6,"15,4%",1,"2,3%",8,"11,6%",5,"12,2%",15,"20,3%",10,"17,5%",5,"10,9%",10,"23,8%",21,"18,9%",1,"7,7%",3,"6,0%",4,"10,8%",6,"12,0%",3,"4,5%"
,Никогда,566,"47,2%",58,"66,7%",79,"55,6%",25,"65,8%",32,"62,7%",23,"41,8%",50,"56,2%",27,"69,2%",15,"34,9%",24,"34,8%",14,"34,1%",26,"35,1%",20,"35,1%",22,"47,8%",13,"31,0%",37,"33,3%",2,"15,4%",28,"56,0%",17,"45,9%",19,"38,0%",35,"53,0%"
,Не имею права голосовать,38,"3,2%",1,"1,1%",4,"2,8%",0,"0,0%",0,"0,0%",0,"0,0%",2,"2,2%",0,"0,0%",1,"2,3%",3,"4,3%",1,"2,4%",9,"12,2%",0,"0,0%",0,"0,0%",0,"0,0%",1,",9%",1,"7,7%",4,"8,0%",0,"0,0%",0,"0,0%",11,"16,7%"
,Отказ от ответа,9,",8%",2,"2,3%",3,"2,1%",0,"0,0%",0,"0,0%",0,"0,0%",0,"0,0%",0,"0,0%",1,"2,3%",0,"0,0%",0,"0,0%",0,"0,0%",0,"0,0%",0,"0,0%",0,"0,0%",0,"0,0%",1,"7,7%",1,"2,0%",0,"0,0%",1,"2,0%",0,"0,0%"
,Затрудняюсь ответить,12,"1,0%",0,"0,0%",1,",7%",0,"0,0%",0,"0,0%",0,"0,0%",0,"0,0%",0,"0,0%",0,"0,0%",0,"0,0%",1,"2,4%",0,"0,0%",0,"0,0%",0,"0,0%",1,"2,4%",0,"0,0%",0,"0,0%",0,"0,0%",0,"0,0%",0,"0,0%",9,"13,6%"
16.6. Выборы сельских акимов,Каждый раз,395,"32,9%",3,"3,4%",27,"19,0%",8,"21,1%",20,"39,2%",24,"43,6%",28,"31,5%",5,"12,8%",26,"60,5%",29,"42,0%",22,"53,7%",21,"28,4%",24,"42,1%",21,"45,7%",19,"45,2%",57,"51,4%",7,"53,8%",12,"24,0%",13,"35,1%",24,"48,0%",5,"7,6%"
,В большинстве случаев,119,"9,9%",2,"2,3%",17,"12,0%",3,"7,9%",1,"2,0%",5,"9,1%",6,"6,7%",6,"15,4%",2,"4,7%",5,"7,2%",7,"17,1%",9,"12,2%",9,"15,8%",3,"6,5%",5,"11,9%",22,"19,8%",1,"7,7%",2,"4,0%",6,"16,2%",4,"8,0%",4,"6,1%"
,Никогда,615,"51,3%",72,"82,8%",89,"62,7%",27,"71,1%",30,"58,8%",26,"47,3%",53,"59,6%",28,"71,8%",13,"30,2%",31,"44,9%",11,"26,8%",35,"47,3%",24,"42,1%",22,"47,8%",17,"40,5%",31,"27,9%",2,"15,4%",28,"56,0%",18,"48,6%",21,"42,0%",37,"56,1%"
,Не имею права голосовать,47,"3,9%",7,"8,0%",4,"2,8%",0,"0,0%",0,"0,0%",0,"0,0%",2,"2,2%",0,"0,0%",1,"2,3%",3,"4,3%",0,"0,0%",9,"12,2%",0,"0,0%",0,"0,0%",0,"0,0%",1,",9%",2,"15,4%",6,"12,0%",0,"0,0%",1,"2,0%",11,"16,7%"
,Отказ от ответа,10,",8%",3,"3,4%",4,"2,8%",0,"0,0%",0,"0,0%",0,"0,0%",0,"0,0%",0,"0,0%",1,"2,3%",1,"1,4%",0,"0,0%",0,"0,0%",0,"0,0%",0,"0,0%",0,"0,0%",0,"0,0%",1,"7,7%",0,"0,0%",0,"0,0%",0,"0,0%",0,"0,0%"
,Затрудняюсь ответить,14,"1,2%",0,"0,0%",1,",7%",0,"0,0%",0,"0,0%",0,"0,0%",0,"0,0%",0,"0,0%",0,"0,0%",0,"0,0%",1,"2,4%",0,"0,0%",0,"0,0%",0,"0,0%",1,"2,4%",0,"0,0%",0,"0,0%",2,"4,0%",0,"0,0%",0,"0,0%",9,"13,6%"
,,КАЗАХСТАН,,г. Астана,,г. Алматы,,Абайская область,,Акмолинская область,,Актюбинская область,,Алматинская область,,Атырауская область,,Западно-Казахстанская область,,Жамбылская область,,Жетысуская область,,Карагандинская область,,Костанайская область,,Кызылординская область,,Мангистауская область,,Туркестанская область,,Улытауская область,,Павлодарская область,,Северо-Казахстанская область,,Востночно-Казахстанская область,,г. Шымкент,
17. В какой мере на Ваш взгляд мнение таких людей как Вы учитывается правительством при принятии важных государственных решений?,В полной мере учитывается,153,"12,8%",2,"2,3%",24,"16,9%",0,"0,0%",4,"7,8%",2,"3,6%",6,"6,7%",1,"2,6%",10,"23,3%",11,"15,9%",6,"14,6%",3,"4,1%",4,"7,0%",7,"15,2%",3,"7,1%",32,"28,8%",4,"30,8%",3,"6,0%",4,"10,8%",3,"6,0%",24,"36,4%"
,В некоторой степени учитывается,294,"24,5%",12,"13,8%",42,"29,6%",7,"18,4%",7,"13,7%",16,"29,1%",18,"20,2%",12,"30,8%",12,"27,9%",21,"30,4%",8,"19,5%",13,"17,6%",13,"22,8%",9,"19,6%",26,"61,9%",27,"24,3%",2,"15,4%",11,"22,0%",7,"18,9%",9,"18,0%",22,"33,3%"
,Частично учитывается,260,"21,7%",24,"27,6%",21,"14,8%",7,"18,4%",9,"17,6%",14,"25,5%",19,"21,3%",10,"25,6%",7,"16,3%",17,"24,6%",7,"17,1%",10,"13,5%",19,"33,3%",16,"34,8%",6,"14,3%",27,"24,3%",2,"15,4%",14,"28,0%",10,"27,0%",10,"20,0%",11,"16,7%"
,Скорее не учитывается,268,"22,3%",16,"18,4%",33,"23,2%",17,"44,7%",14,"27,5%",12,"21,8%",26,"29,2%",6,"15,4%",3,"7,0%",9,"13,0%",8,"19,5%",29,"39,2%",17,"29,8%",8,"17,4%",7,"16,7%",11,"9,9%",3,"23,1%",12,"24,0%",12,"32,4%",17,"34,0%",8,"12,1%"
,Абсолютно не учитывается,171,"14,3%",23,"26,4%",14,"9,9%",7,"18,4%",16,"31,4%",11,"20,0%",20,"22,5%",6,"15,4%",5,"11,6%",9,"13,0%",6,"14,6%",10,"13,5%",4,"7,0%",5,"10,9%",0,"0,0%",13,"11,7%",2,"15,4%",7,"14,0%",3,"8,1%",9,"18,0%",1,"1,5%"
,Отказ от ответа,10,",8%",0,"0,0%",4,"2,8%",0,"0,0%",0,"0,0%",0,"0,0%",0,"0,0%",0,"0,0%",1,"2,3%",0,"0,0%",1,"2,4%",3,"4,1%",0,"0,0%",0,"0,0%",0,"0,0%",0,"0,0%",0,"0,0%",0,"0,0%",0,"0,0%",1,"2,0%",0,"0,0%"
,Затрудняюсь ответить,44,"3,7%",10,"11,5%",4,"2,8%",0,"0,0%",1,"2,0%",0,"0,0%",0,"0,0%",4,"10,3%",5,"11,6%",2,"2,9%",5,"12,2%",6,"8,1%",0,"0,0%",1,"2,2%",0,"0,0%",1,",9%",0,"0,0%",3,"6,0%",1,"2,7%",1,"2,0%",0,"0,0%"
,,КАЗАХСТАН,,г. Астана,,г. Алматы,,Абайская область,,Акмолинская область,,Актюбинская область,,Алматинская область,,Атырауская область,,Западно-Казахстанская область,,Жамбылская область,,Жетысуская область,,Карагандинская область,,Костанайская область,,Кызылординская область,,Мангистауская область,,Туркестанская область,,Улытауская область,,Павлодарская область,,Северо-Казахстанская область,,Востночно-Казахстанская область,,г. Шымкент,
18. В какой степени сегодня в нашей стране уважаются права человека?,В полной мере уважаются,197,"16,4%",5,"5,7%",22,"15,5%",1,"2,6%",6,"11,8%",2,"3,6%",7,"7,9%",4,"10,3%",16,"37,2%",16,"23,2%",5,"12,2%",5,"6,8%",5,"8,8%",4,"8,7%",5,"11,9%",38,"34,2%",6,"46,2%",6,"12,0%",5,"13,5%",6,"12,0%",33,"50,0%"
,В некоторой степени уважаются,597,"49,8%",45,"51,7%",72,"50,7%",19,"50,0%",21,"41,2%",22,"40,0%",43,"48,3%",19,"48,7%",20,"46,5%",37,"53,6%",16,"39,0%",35,"47,3%",43,"75,4%",33,"71,7%",28,"66,7%",48,"43,2%",6,"46,2%",26,"52,0%",18,"48,6%",19,"38,0%",27,"40,9%"
,"Скорее, не уважаются",212,"17,7%",20,"23,0%",29,"20,4%",14,"36,8%",8,"15,7%",17,"30,9%",18,"20,2%",2,"5,1%",1,"2,3%",11,"15,9%",8,"19,5%",17,"23,0%",8,"14,0%",4,"8,7%",4,"9,5%",8,"7,2%",1,"7,7%",13,"26,0%",9,"24,3%",15,"30,0%",5,"7,6%"
,Абсолютно не уважаются,144,"12,0%",11,"12,6%",10,"7,0%",4,"10,5%",15,"29,4%",11,"20,0%",19,"21,3%",9,"23,1%",3,"7,0%",4,"5,8%",5,"12,2%",10,"13,5%",1,"1,8%",5,"10,9%",3,"7,1%",16,"14,4%",0,"0,0%",4,"8,0%",5,"13,5%",8,"16,0%",1,"1,5%"
,Отказ от ответа,12,"1,0%",0,"0,0%",0,"0,0%",0,"0,0%",0,"0,0%",2,"3,6%",0,"0,0%",1,"2,6%",0,"0,0%",0,"0,0%",5,"12,2%",2,"2,7%",0,"0,0%",0,"0,0%",0,"0,0%",0,"0,0%",0,"0,0%",0,"0,0%",0,"0,0%",2,"4,0%",0,"0,0%"
,Затрудняюсь ответить,38,"3,2%",6,"6,9%",9,"6,3%",0,"0,0%",1,"2,0%",1,"1,8%",2,"2,2%",4,"10,3%",3,"7,0%",1,"1,4%",2,"4,9%",5,"6,8%",0,"0,0%",0,"0,0%",2,"4,8%",1,",9%",0,"0,0%",1,"2,0%",0,"0,0%",0,"0,0%",0,"0,0%"
,,КАЗАХСТАН,,г. Астана,,г. Алматы,,Абайская область,,Акмолинская область,,Актюбинская область,,Алматинская область,,Атырауская область,,Западно-Казахстанская область,,Жамбылская область,,Жетысуская область,,Карагандинская область,,Костанайская область,,Кызылординская область,,Мангистауская область,,Туркестанская область,,Улытауская область,,Павлодарская область,,Северо-Казахстанская область,,Востночно-Казахстанская область,,г. Шымкент,
"19. Насколько Вы гордитесь тем, что Вы гражданин Казахстана?",Очень гордитесь,796,"66,3%",45,"51,7%",91,"64,1%",16,"42,1%",38,"74,5%",26,"47,3%",54,"60,7%",33,"84,6%",39,"90,7%",49,"71,0%",32,"78,0%",51,"68,9%",34,"59,6%",32,"69,6%",31,"73,8%",84,"75,7%",10,"76,9%",25,"50,0%",24,"64,9%",29,"58,0%",53,"80,3%"
,"Скорее гордитесь, чем нет",284,"23,7%",26,"29,9%",39,"27,5%",20,"52,6%",9,"17,6%",12,"21,8%",23,"25,8%",4,"10,3%",3,"7,0%",17,"24,6%",7,"17,1%",13,"17,6%",18,"31,6%",12,"26,1%",9,"21,4%",16,"14,4%",3,"23,1%",20,"40,0%",9,"24,3%",15,"30,0%",9,"13,6%"
,Не очень гордитесь,71,"5,9%",2,"2,3%",6,"4,2%",2,"5,3%",2,"3,9%",11,"20,0%",9,"10,1%",1,"2,6%",1,"2,3%",2,"2,9%",1,"2,4%",7,"9,5%",2,"3,5%",2,"4,3%",2,"4,8%",7,"6,3%",0,"0,0%",3,"6,0%",3,"8,1%",5,"10,0%",3,"4,5%"
,Совсем не гордитесь,33,"2,8%",10,"11,5%",2,"1,4%",0,"0,0%",0,"0,0%",6,"10,9%",3,"3,4%",1,"2,6%",0,"0,0%",1,"1,4%",1,"2,4%",1,"1,4%",1,"1,8%",0,"0,0%",0,"0,0%",4,"3,6%",0,"0,0%",2,"4,0%",0,"0,0%",0,"0,0%",1,"1,5%"
,Я не гражданин Казахстана,1,",1%",0,"0,0%",1,",7%",0,"0,0%",0,"0,0%",0,"0,0%",0,"0,0%",0,"0,0%",0,"0,0%",0,"0,0%",0,"0,0%",0,"0,0%",0,"0,0%",0,"0,0%",0,"0,0%",0,"0,0%",0,"0,0%",0,"0,0%",0,"0,0%",0,"0,0%",0,"0,0%"
,Отказ от ответа,12,"1,0%",4,"4,6%",2,"1,4%",0,"0,0%",2,"3,9%",0,"0,0%",0,"0,0%",0,"0,0%",0,"0,0%",0,"0,0%",0,"0,0%",1,"1,4%",1,"1,8%",0,"0,0%",0,"0,0%",0,"0,0%",0,"0,0%",0,"0,0%",1,"2,7%",1,"2,0%",0,"0,0%"
,Затрудняюсь ответить,3,",3%",0,"0,0%",1,",7%",0,"0,0%",0,"0,0%",0,"0,0%",0,"0,0%",0,"0,0%",0,"0,0%",0,"0,0%",0,"0,0%",1,"1,4%",1,"1,8%",0,"0,0%",0,"0,0%",0,"0,0%",0,"0,0%",0,"0,0%",0,"0,0%",0,"0,0%",0,"0,0%"
,,КАЗАХСТАН,,г. Астана,,г. Алматы,,Абайская область,,Акмолинская область,,Актюбинская область,,Алматинская область,,Атырауская область,,Западно-Казахстанская область,,Жамбылская область,,Жетысуская область,,Карагандинская область,,Костанайская область,,Кызылординская область,,Мангистауская область,,Туркестанская область,,Улытауская область,,Павлодарская область,,Северо-Казахстанская область,,Востночно-Казахстанская область,,г. Шымкент,
20.1. С Вашими соседями,Очень близким,366,"30,5%",8,"9,2%",40,"28,2%",5,"13,2%",6,"11,8%",13,"23,6%",36,"40,4%",13,"33,3%",18,"41,9%",20,"29,0%",16,"39,0%",28,"37,8%",13,"22,8%",16,"34,8%",17,"40,5%",47,"42,3%",7,"53,8%",10,"20,0%",7,"18,9%",16,"32,0%",30,"45,5%"
,Близким,507,"42,3%",41,"47,1%",60,"42,3%",24,"63,2%",28,"54,9%",25,"45,5%",28,"31,5%",19,"48,7%",16,"37,2%",38,"55,1%",21,"51,2%",18,"24,3%",18,"31,6%",18,"39,1%",21,"50,0%",45,"40,5%",5,"38,5%",21,"42,0%",13,"35,1%",21,"42,0%",27,"40,9%"
,Не очень близким,264,"22,0%",26,"29,9%",35,"24,6%",7,"18,4%",17,"33,3%",14,"25,5%",15,"16,9%",3,"7,7%",6,"14,0%",11,"15,9%",4,"9,8%",26,"35,1%",23,"40,4%",11,"23,9%",4,"9,5%",18,"16,2%",1,"7,7%",15,"30,0%",10,"27,0%",12,"24,0%",6,"9,1%"
,Совсем НЕ близким,48,"4,0%",8,"9,2%",7,"4,9%",2,"5,3%",0,"0,0%",3,"5,5%",1,"1,1%",4,"10,3%",3,"7,0%",0,"0,0%",0,"0,0%",1,"1,4%",3,"5,3%",1,"2,2%",0,"0,0%",1,",9%",0,"0,0%",4,"8,0%",6,"16,2%",1,"2,0%",3,"4,5%"
,Затрудняюсь ответить,12,"1,0%",4,"4,6%",0,"0,0%",0,"0,0%",0,"0,0%",0,"0,0%",7,"7,9%",0,"0,0%",0,"0,0%",0,"0,0%",0,"0,0%",0,"0,0%",0,"0,0%",0,"0,0%",0,"0,0%",0,"0,0%",0,"0,0%",0,"0,0%",1,"2,7%",0,"0,0%",0,"0,0%"
,Отказ от ответа,3,",3%",0,"0,0%",0,"0,0%",0,"0,0%",0,"0,0%",0,"0,0%",2,"2,2%",0,"0,0%",0,"0,0%",0,"0,0%",0,"0,0%",1,"1,4%",0,"0,0%",0,"0,0%",0,"0,0%",0,"0,0%",0,"0,0%",0,"0,0%",0,"0,0%",0,"0,0%",0,"0,0%"
20.2. С Вашим городом или поселком,Очень близким,233,"19,4%",5,"5,7%",22,"15,5%",3,"7,9%",7,"13,7%",8,"14,5%",26,"29,2%",5,"12,8%",9,"20,9%",16,"23,2%",10,"24,4%",20,"27,0%",9,"15,8%",4,"8,7%",15,"35,7%",30,"27,0%",7,"53,8%",8,"16,0%",5,"13,5%",10,"20,0%",14,"21,2%"
,Близким,673,"56,1%",54,"62,1%",85,"59,9%",30,"78,9%",33,"64,7%",32,"58,2%",38,"42,7%",28,"71,8%",21,"48,8%",41,"59,4%",25,"61,0%",30,"40,5%",26,"45,6%",26,"56,5%",19,"45,2%",61,"55,0%",6,"46,2%",32,"64,0%",20,"54,1%",23,"46,0%",43,"65,2%"
,Не очень близким,248,"20,7%",19,"21,8%",31,"21,8%",5,"13,2%",10,"19,6%",14,"25,5%",14,"15,7%",5,"12,8%",10,"23,3%",12,"17,4%",6,"14,6%",20,"27,0%",22,"38,6%",13,"28,3%",8,"19,0%",19,"17,1%",0,"0,0%",7,"14,0%",9,"24,3%",16,"32,0%",8,"12,1%"
,Совсем НЕ близким,31,"2,6%",7,"8,0%",3,"2,1%",0,"0,0%",1,"2,0%",1,"1,8%",1,"1,1%",1,"2,6%",3,"7,0%",0,"0,0%",0,"0,0%",3,"4,1%",0,"0,0%",3,"6,5%",0,"0,0%",1,",9%",0,"0,0%",2,"4,0%",3,"8,1%",1,"2,0%",1,"1,5%"
,Затрудняюсь ответить,10,",8%",2,"2,3%",0,"0,0%",0,"0,0%",0,"0,0%",0,"0,0%",7,"7,9%",0,"0,0%",0,"0,0%",0,"0,0%",0,"0,0%",0,"0,0%",0,"0,0%",0,"0,0%",0,"0,0%",0,"0,0%",0,"0,0%",1,"2,0%",0,"0,0%",0,"0,0%",0,"0,0%"
,Отказ от ответа,5,",4%",0,"0,0%",1,",7%",0,"0,0%",0,"0,0%",0,"0,0%",3,"3,4%",0,"0,0%",0,"0,0%",0,"0,0%",0,"0,0%",1,"1,4%",0,"0,0%",0,"0,0%",0,"0,0%",0,"0,0%",0,"0,0%",0,"0,0%",0,"0,0%",0,"0,0%",0,"0,0%"
20.3. Со своей областью,Очень близким,164,"13,7%",4,"4,6%",21,"14,8%",3,"7,9%",5,"9,8%",7,"12,7%",7,"7,9%",8,"20,5%",10,"23,3%",7,"10,1%",5,"12,2%",10,"13,5%",4,"7,0%",3,"6,5%",12,"28,6%",23,"20,7%",6,"46,2%",6,"12,0%",5,"13,5%",8,"16,0%",10,"15,2%"
,Близким,584,"48,7%",40,"46,0%",71,"50,0%",19,"50,0%",29,"56,9%",27,"49,1%",25,"28,1%",26,"66,7%",23,"53,5%",38,"55,1%",23,"56,1%",27,"36,5%",22,"38,6%",22,"47,8%",21,"50,0%",61,"55,0%",7,"53,8%",25,"50,0%",15,"40,5%",22,"44,0%",41,"62,1%"
,Не очень близким,370,"30,8%",25,"28,7%",42,"29,6%",15,"39,5%",16,"31,4%",20,"36,4%",42,"47,2%",4,"10,3%",7,"16,3%",23,"33,3%",10,"24,4%",28,"37,8%",30,"52,6%",17,"37,0%",9,"21,4%",24,"21,6%",0,"0,0%",15,"30,0%",12,"32,4%",18,"36,0%",13,"19,7%"
,Совсем НЕ близким,56,"4,7%",11,"12,6%",6,"4,2%",0,"0,0%",1,"2,0%",1,"1,8%",6,"6,7%",0,"0,0%",3,"7,0%",0,"0,0%",1,"2,4%",8,"10,8%",1,"1,8%",4,"8,7%",0,"0,0%",3,"2,7%",0,"0,0%",2,"4,0%",5,"13,5%",2,"4,0%",2,"3,0%"
,Затрудняюсь ответить,20,"1,7%",5,"5,7%",1,",7%",1,"2,6%",0,"0,0%",0,"0,0%",7,"7,9%",1,"2,6%",0,"0,0%",1,"1,4%",2,"4,9%",0,"0,0%",0,"0,0%",0,"0,0%",0,"0,0%",0,"0,0%",0,"0,0%",2,"4,0%",0,"0,0%",0,"0,0%",0,"0,0%"
,Отказ от ответа,6,",5%",2,"2,3%",1,",7%",0,"0,0%",0,"0,0%",0,"0,0%",2,"2,2%",0,"0,0%",0,"0,0%",0,"0,0%",0,"0,0%",1,"1,4%",0,"0,0%",0,"0,0%",0,"0,0%",0,"0,0%",0,"0,0%",0,"0,0%",0,"0,0%",0,"0,0%",0,"0,0%"
20.4. С Казахстаном,Очень близким,235,"19,6%",11,"12,6%",26,"18,3%",6,"15,8%",8,"15,7%",10,"18,2%",15,"16,9%",11,"28,2%",10,"23,3%",14,"20,3%",11,"26,8%",16,"21,6%",13,"22,8%",3,"6,5%",8,"19,0%",25,"22,5%",7,"53,8%",8,"16,0%",6,"16,2%",11,"22,0%",16,"24,2%"
,Близким,613,"51,1%",51,"58,6%",83,"58,5%",23,"60,5%",28,"54,9%",27,"49,1%",24,"27,0%",23,"59,0%",25,"58,1%",41,"59,4%",18,"43,9%",30,"40,5%",25,"43,9%",20,"43,5%",23,"54,8%",58,"52,3%",6,"46,2%",26,"52,0%",16,"43,2%",22,"44,0%",44,"66,7%"
,Не очень близким,280,"23,3%",11,"12,6%",27,"19,0%",7,"18,4%",15,"29,4%",17,"30,9%",35,"39,3%",4,"10,3%",7,"16,3%",12,"17,4%",8,"19,5%",20,"27,0%",19,"33,3%",18,"39,1%",11,"26,2%",24,"21,6%",0,"0,0%",13,"26,0%",11,"29,7%",16,"32,0%",5,"7,6%"
,Совсем НЕ близким,49,"4,1%",10,"11,5%",3,"2,1%",1,"2,6%",0,"0,0%",1,"1,8%",6,"6,7%",0,"0,0%",1,"2,3%",1,"1,4%",2,"4,9%",7,"9,5%",0,"0,0%",5,"10,9%",0,"0,0%",4,"3,6%",0,"0,0%",2,"4,0%",4,"10,8%",1,"2,0%",1,"1,5%"
,Затрудняюсь ответить,18,"1,5%",3,"3,4%",2,"1,4%",1,"2,6%",0,"0,0%",0,"0,0%",7,"7,9%",1,"2,6%",0,"0,0%",1,"1,4%",2,"4,9%",0,"0,0%",0,"0,0%",0,"0,0%",0,"0,0%",0,"0,0%",0,"0,0%",1,"2,0%",0,"0,0%",0,"0,0%",0,"0,0%"
,Отказ от ответа,5,",4%",1,"1,1%",1,",7%",0,"0,0%",0,"0,0%",0,"0,0%",2,"2,2%",0,"0,0%",0,"0,0%",0,"0,0%",0,"0,0%",1,"1,4%",0,"0,0%",0,"0,0%",0,"0,0%",0,"0,0%",0,"0,0%",0,"0,0%",0,"0,0%",0,"0,0%",0,"0,0%"
20.5. С Центральной Азией,Очень близким,82,"6,8%",3,"3,4%",6,"4,2%",1,"2,6%",7,"13,7%",1,"1,8%",5,"5,6%",4,"10,3%",7,"16,3%",6,"8,7%",0,"0,0%",8,"10,8%",4,"7,0%",0,"0,0%",1,"2,4%",17,"15,3%",5,"38,5%",2,"4,0%",2,"5,4%",0,"0,0%",3,"4,5%"
,Близким,315,"26,3%",37,"42,5%",36,"25,4%",15,"39,5%",21,"41,2%",8,"14,5%",12,"13,5%",9,"23,1%",19,"44,2%",21,"30,4%",7,"17,1%",14,"18,9%",8,"14,0%",5,"10,9%",13,"31,0%",36,"32,4%",2,"15,4%",13,"26,0%",11,"29,7%",7,"14,0%",21,"31,8%"
,Не очень близким,561,"46,8%",24,"27,6%",79,"55,6%",18,"47,4%",19,"37,3%",38,"69,1%",46,"51,7%",15,"38,5%",12,"27,9%",31,"44,9%",23,"56,1%",39,"52,7%",35,"61,4%",25,"54,3%",22,"52,4%",39,"35,1%",5,"38,5%",23,"46,0%",17,"45,9%",28,"56,0%",23,"34,8%"
,Совсем НЕ близким,205,"17,1%",17,"19,5%",15,"10,6%",2,"5,3%",4,"7,8%",8,"14,5%",16,"18,0%",10,"25,6%",5,"11,6%",8,"11,6%",7,"17,1%",12,"16,2%",10,"17,5%",16,"34,8%",6,"14,3%",19,"17,1%",0,"0,0%",11,"22,0%",7,"18,9%",13,"26,0%",19,"28,8%"
,Затрудняюсь ответить,29,"2,4%",4,"4,6%",4,"2,8%",2,"5,3%",0,"0,0%",0,"0,0%",8,"9,0%",1,"2,6%",0,"0,0%",3,"4,3%",3,"7,3%",0,"0,0%",0,"0,0%",0,"0,0%",0,"0,0%",0,"0,0%",1,"7,7%",1,"2,0%",0,"0,0%",2,"4,0%",0,"0,0%"
,Отказ от ответа,8,",7%",2,"2,3%",2,"1,4%",0,"0,0%",0,"0,0%",0,"0,0%",2,"2,2%",0,"0,0%",0,"0,0%",0,"0,0%",1,"2,4%",1,"1,4%",0,"0,0%",0,"0,0%",0,"0,0%",0,"0,0%",0,"0,0%",0,"0,0%",0,"0,0%",0,"0,0%",0,"0,0%"
20.6. С миром в целом,Очень близким,89,"7,4%",3,"3,4%",5,"3,5%",0,"0,0%",7,"13,7%",2,"3,6%",6,"6,7%",2,"5,1%",7,"16,3%",7,"10,1%",2,"4,9%",10,"13,5%",2,"3,5%",1,"2,2%",1,"2,4%",15,"13,5%",6,"46,2%",3,"6,0%",2,"5,4%",0,"0,0%",8,"12,1%"
,Близким,337,"28,1%",43,"49,4%",42,"29,6%",17,"44,7%",20,"39,2%",8,"14,5%",10,"11,2%",13,"33,3%",20,"46,5%",25,"36,2%",7,"17,1%",14,"18,9%",11,"19,3%",6,"13,0%",7,"16,7%",36,"32,4%",2,"15,4%",12,"24,0%",11,"29,7%",10,"20,0%",23,"34,8%"
,Не очень близким,504,"42,0%",17,"19,5%",70,"49,3%",15,"39,5%",20,"39,2%",37,"67,3%",44,"49,4%",14,"35,9%",8,"18,6%",25,"36,2%",18,"43,9%",30,"40,5%",34,"59,6%",17,"37,0%",27,"64,3%",41,"36,9%",4,"30,8%",23,"46,0%",17,"45,9%",26,"52,0%",17,"25,8%"
,Совсем НЕ близким,227,"18,9%",16,"18,4%",17,"12,0%",4,"10,5%",4,"7,8%",8,"14,5%",19,"21,3%",9,"23,1%",8,"18,6%",10,"14,5%",11,"26,8%",18,"24,3%",10,"17,5%",22,"47,8%",7,"16,7%",19,"17,1%",0,"0,0%",10,"20,0%",5,"13,5%",12,"24,0%",18,"27,3%"
,Затрудняюсь ответить,36,"3,0%",6,"6,9%",6,"4,2%",2,"5,3%",0,"0,0%",0,"0,0%",8,"9,0%",1,"2,6%",0,"0,0%",2,"2,9%",3,"7,3%",1,"1,4%",0,"0,0%",0,"0,0%",0,"0,0%",0,"0,0%",1,"7,7%",2,"4,0%",2,"5,4%",2,"4,0%",0,"0,0%"
,Отказ от ответа,7,",6%",2,"2,3%",2,"1,4%",0,"0,0%",0,"0,0%",0,"0,0%",2,"2,2%",0,"0,0%",0,"0,0%",0,"0,0%",0,"0,0%",1,"1,4%",0,"0,0%",0,"0,0%",0,"0,0%",0,"0,0%",0,"0,0%",0,"0,0%",0,"0,0%",0,"0,0%",0,"0,0%"
,,КАЗАХСТАН,,г. Астана,,г. Алматы,,Абайская область,,Акмолинская область,,Актюбинская область,,Алматинская область,,Атырауская область,,Западно-Казахстанская область,,Жамбылская область,,Жетысуская область,,Карагандинская область,,Костанайская область,,Кызылординская область,,Мангистауская область,,Туркестанская область,,Улытауская область,,Павлодарская область,,Северо-Казахстанская область,,Востночно-Казахстанская область,,г. Шымкент,
21.1. Правительству РК,Да,498,"41,5%",21,"24,1%",51,"35,9%",11,"28,9%",15,"29,4%",32,"58,2%",32,"36,0%",14,"35,9%",25,"58,1%",33,"47,8%",8,"19,5%",21,"28,4%",20,"35,1%",19,"41,3%",29,"69,0%",61,"55,0%",9,"69,2%",21,"42,0%",15,"40,5%",18,"36,0%",43,"65,2%"
,Скорее да,336,"28,0%",42,"48,3%",41,"28,9%",8,"21,1%",13,"25,5%",6,"10,9%",18,"20,2%",11,"28,2%",12,"27,9%",18,"26,1%",15,"36,6%",21,"28,4%",27,"47,4%",17,"37,0%",8,"19,0%",18,"16,2%",2,"15,4%",12,"24,0%",9,"24,3%",20,"40,0%",18,"27,3%"
,Скорее нет,158,"13,2%",10,"11,5%",31,"21,8%",11,"28,9%",7,"13,7%",4,"7,3%",21,"23,6%",2,"5,1%",3,"7,0%",6,"8,7%",7,"17,1%",11,"14,9%",8,"14,0%",1,"2,2%",3,"7,1%",13,"11,7%",2,"15,4%",5,"10,0%",6,"16,2%",5,"10,0%",2,"3,0%"
,Нет,185,"15,4%",12,"13,8%",11,"7,7%",7,"18,4%",14,"27,5%",13,"23,6%",17,"19,1%",10,"25,6%",3,"7,0%",12,"17,4%",9,"22,0%",20,"27,0%",2,"3,5%",8,"17,4%",2,"4,8%",18,"16,2%",0,"0,0%",12,"24,0%",6,"16,2%",6,"12,0%",3,"4,5%"
,Затрудняюсь ответить,23,"1,9%",2,"2,3%",8,"5,6%",1,"2,6%",2,"3,9%",0,"0,0%",1,"1,1%",2,"5,1%",0,"0,0%",0,"0,0%",2,"4,9%",1,"1,4%",0,"0,0%",1,"2,2%",0,"0,0%",1,",9%",0,"0,0%",0,"0,0%",1,"2,7%",1,"2,0%",0,"0,0%"
21.2. Парламенту РК,Да,439,"36,6%",15,"17,2%",47,"33,1%",9,"23,7%",15,"29,4%",31,"56,4%",27,"30,3%",9,"23,1%",22,"51,2%",31,"44,9%",6,"14,6%",20,"27,0%",17,"29,8%",18,"39,1%",26,"61,9%",51,"45,9%",8,"61,5%",17,"34,0%",14,"37,8%",15,"30,0%",41,"62,1%"
,Скорее да,311,"25,9%",36,"41,4%",36,"25,4%",8,"21,1%",13,"25,5%",5,"9,1%",19,"21,3%",12,"30,8%",10,"23,3%",17,"24,6%",12,"29,3%",16,"21,6%",22,"38,6%",15,"32,6%",8,"19,0%",18,"16,2%",2,"15,4%",13,"26,0%",9,"24,3%",20,"40,0%",20,"30,3%"
,Скорее нет,202,"16,8%",17,"19,5%",37,"26,1%",12,"31,6%",7,"13,7%",5,"9,1%",24,"27,0%",4,"10,3%",5,"11,6%",10,"14,5%",8,"19,5%",16,"21,6%",14,"24,6%",2,"4,3%",5,"11,9%",14,"12,6%",3,"23,1%",3,"6,0%",5,"13,5%",8,"16,0%",3,"4,5%"
,Нет,212,"17,7%",14,"16,1%",11,"7,7%",8,"21,1%",14,"27,5%",14,"25,5%",18,"20,2%",11,"28,2%",5,"11,6%",11,"15,9%",13,"31,7%",20,"27,0%",4,"7,0%",10,"21,7%",2,"4,8%",27,"24,3%",0,"0,0%",14,"28,0%",8,"21,6%",6,"12,0%",2,"3,0%"
,Затрудняюсь ответить,36,"3,0%",5,"5,7%",11,"7,7%",1,"2,6%",2,"3,9%",0,"0,0%",1,"1,1%",3,"7,7%",1,"2,3%",0,"0,0%",2,"4,9%",2,"2,7%",0,"0,0%",1,"2,2%",1,"2,4%",1,",9%",0,"0,0%",3,"6,0%",1,"2,7%",1,"2,0%",0,"0,0%"
21.3. Политическим партиям,Да,366,"30,5%",13,"14,9%",38,"26,8%",6,"15,8%",15,"29,4%",31,"56,4%",22,"24,7%",9,"23,1%",24,"55,8%",28,"40,6%",4,"9,8%",10,"13,5%",14,"24,6%",13,"28,3%",23,"54,8%",47,"42,3%",7,"53,8%",12,"24,0%",7,"18,9%",10,"20,0%",33,"50,0%"
,Скорее да,277,"23,1%",23,"26,4%",37,"26,1%",6,"15,8%",13,"25,5%",6,"10,9%",22,"24,7%",10,"25,6%",8,"18,6%",14,"20,3%",8,"19,5%",13,"17,6%",20,"35,1%",10,"21,7%",9,"21,4%",18,"16,2%",2,"15,4%",10,"20,0%",10,"27,0%",21,"42,0%",17,"25,8%"
,Скорее нет,244,"20,3%",24,"27,6%",41,"28,9%",12,"31,6%",7,"13,7%",3,"5,5%",23,"25,8%",3,"7,7%",3,"7,0%",8,"11,6%",12,"29,3%",26,"35,1%",16,"28,1%",10,"21,7%",6,"14,3%",17,"15,3%",4,"30,8%",5,"10,0%",6,"16,2%",9,"18,0%",9,"13,6%"
,Нет,275,"22,9%",20,"23,0%",14,"9,9%",12,"31,6%",14,"27,5%",15,"27,3%",21,"23,6%",15,"38,5%",6,"14,0%",19,"27,5%",15,"36,6%",23,"31,1%",7,"12,3%",12,"26,1%",3,"7,1%",28,"25,2%",0,"0,0%",21,"42,0%",13,"35,1%",10,"20,0%",7,"10,6%"
,Затрудняюсь ответить,38,"3,2%",7,"8,0%",12,"8,5%",2,"5,3%",2,"3,9%",0,"0,0%",1,"1,1%",2,"5,1%",2,"4,7%",0,"0,0%",2,"4,9%",2,"2,7%",0,"0,0%",1,"2,2%",1,"2,4%",1,",9%",0,"0,0%",2,"4,0%",1,"2,7%",0,"0,0%",0,"0,0%"
21.4. Полиции,Да,442,"36,8%",14,"16,1%",48,"33,8%",11,"28,9%",15,"29,4%",32,"58,2%",25,"28,1%",14,"35,9%",24,"55,8%",36,"52,2%",7,"17,1%",15,"20,3%",23,"40,4%",19,"41,3%",26,"61,9%",48,"43,2%",6,"46,2%",18,"36,0%",12,"32,4%",14,"28,0%",35,"53,0%"
,Скорее да,322,"26,8%",38,"43,7%",35,"24,6%",9,"23,7%",13,"25,5%",6,"10,9%",24,"27,0%",7,"17,9%",10,"23,3%",15,"21,7%",15,"36,6%",21,"28,4%",19,"33,3%",10,"21,7%",10,"23,8%",22,"19,8%",3,"23,1%",9,"18,0%",12,"32,4%",20,"40,0%",24,"36,4%"
,Скорее нет,182,"15,2%",10,"11,5%",38,"26,8%",9,"23,7%",7,"13,7%",1,"1,8%",20,"22,5%",2,"5,1%",3,"7,0%",8,"11,6%",9,"22,0%",15,"20,3%",8,"14,0%",7,"15,2%",2,"4,8%",15,"13,5%",4,"30,8%",4,"8,0%",8,"21,6%",8,"16,0%",4,"6,1%"
,Нет,225,"18,8%",20,"23,0%",12,"8,5%",8,"21,1%",14,"27,5%",16,"29,1%",19,"21,3%",14,"35,9%",6,"14,0%",10,"14,5%",8,"19,5%",20,"27,0%",7,"12,3%",9,"19,6%",4,"9,5%",25,"22,5%",0,"0,0%",18,"36,0%",4,"10,8%",8,"16,0%",3,"4,5%"
,Затрудняюсь ответить,29,"2,4%",5,"5,7%",9,"6,3%",1,"2,6%",2,"3,9%",0,"0,0%",1,"1,1%",2,"5,1%",0,"0,0%",0,"0,0%",2,"4,9%",3,"4,1%",0,"0,0%",1,"2,2%",0,"0,0%",1,",9%",0,"0,0%",1,"2,0%",1,"2,7%",0,"0,0%",0,"0,0%"
21.5. Судебной системе,Да,447,"37,3%",13,"14,9%",47,"33,1%",10,"26,3%",15,"29,4%",30,"54,5%",31,"34,8%",14,"35,9%",25,"58,1%",32,"46,4%",7,"17,1%",15,"20,3%",23,"40,4%",18,"39,1%",30,"71,4%",49,"44,1%",6,"46,2%",17,"34,0%",12,"32,4%",21,"42,0%",32,"48,5%"
,Скорее да,288,"24,0%",28,"32,2%",32,"22,5%",9,"23,7%",13,"25,5%",6,"10,9%",18,"20,2%",4,"10,3%",8,"18,6%",16,"23,2%",13,"31,7%",17,"23,0%",18,"31,6%",14,"30,4%",8,"19,0%",17,"15,3%",3,"23,1%",10,"20,0%",10,"27,0%",16,"32,0%",28,"42,4%"
,Скорее нет,191,"15,9%",13,"14,9%",39,"27,5%",8,"21,1%",7,"13,7%",2,"3,6%",20,"22,5%",4,"10,3%",2,"4,7%",8,"11,6%",8,"19,5%",21,"28,4%",13,"22,8%",5,"10,9%",2,"4,8%",17,"15,3%",4,"30,8%",5,"10,0%",6,"16,2%",4,"8,0%",3,"4,5%"
,Нет,240,"20,0%",27,"31,0%",15,"10,6%",9,"23,7%",14,"27,5%",17,"30,9%",19,"21,3%",15,"38,5%",6,"14,0%",11,"15,9%",11,"26,8%",18,"24,3%",3,"5,3%",8,"17,4%",2,"4,8%",28,"25,2%",0,"0,0%",17,"34,0%",8,"21,6%",9,"18,0%",3,"4,5%"
,Затрудняюсь ответить,34,"2,8%",6,"6,9%",9,"6,3%",2,"5,3%",2,"3,9%",0,"0,0%",1,"1,1%",2,"5,1%",2,"4,7%",2,"2,9%",2,"4,9%",3,"4,1%",0,"0,0%",1,"2,2%",0,"0,0%",0,"0,0%",0,"0,0%",1,"2,0%",1,"2,7%",0,"0,0%",0,"0,0%"
,,КАЗАХСТАН,,г. Астана,,г. Алматы,,Абайская область,,Акмолинская область,,Актюбинская область,,Алматинская область,,Атырауская область,,Западно-Казахстанская область,,Жамбылская область,,Жетысуская область,,Карагандинская область,,Костанайская область,,Кызылординская область,,Мангистауская область,,Туркестанская область,,Улытауская область,,Павлодарская область,,Северо-Казахстанская область,,Востночно-Казахстанская область,,г. Шымкент,
"22. Вы знаете, что-то слышали или ничего не знаете о деятельности добровольцев (волонтеров) в вашем городе (селе, поселке)?",Знаю,492,"41,0%",37,"42,5%",63,"44,4%",17,"44,7%",25,"49,0%",12,"21,8%",37,"41,6%",24,"61,5%",22,"51,2%",28,"40,6%",13,"31,7%",28,"37,8%",28,"49,1%",12,"26,1%",8,"19,0%",45,"40,5%",7,"53,8%",26,"52,0%",17,"45,9%",20,"40,0%",23,"34,8%"
,Что-то слышал(-а),460,"38,3%",38,"43,7%",59,"41,5%",14,"36,8%",6,"11,8%",30,"54,5%",40,"44,9%",10,"25,6%",13,"30,2%",22,"31,9%",20,"48,8%",23,"31,1%",21,"36,8%",19,"41,3%",20,"47,6%",32,"28,8%",3,"23,1%",20,"40,0%",14,"37,8%",22,"44,0%",34,"51,5%"
,Ничего не знаю,242,"20,2%",11,"12,6%",20,"14,1%",7,"18,4%",20,"39,2%",13,"23,6%",12,"13,5%",5,"12,8%",8,"18,6%",19,"27,5%",8,"19,5%",21,"28,4%",8,"14,0%",15,"32,6%",14,"33,3%",31,"27,9%",3,"23,1%",4,"8,0%",6,"16,2%",8,"16,0%",9,"13,6%"
,Затрудняюсь ответить,6,",5%",1,"1,1%",0,"0,0%",0,"0,0%",0,"0,0%",0,"0,0%",0,"0,0%",0,"0,0%",0,"0,0%",0,"0,0%",0,"0,0%",2,"2,7%",0,"0,0%",0,"0,0%",0,"0,0%",3,"2,7%",0,"0,0%",0,"0,0%",0,"0,0%",0,"0,0%",0,"0,0%"
,,КАЗАХСТАН,,г. Астана,,г. Алматы,,Абайская область,,Акмолинская область,,Актюбинская область,,Алматинская область,,Атырауская область,,Западно-Казахстанская область,,Жамбылская область,,Жетысуская область,,Карагандинская область,,Костанайская область,,Кызылординская область,,Мангистауская область,,Туркестанская область,,Улытауская область,,Павлодарская область,,Северо-Казахстанская область,,Востночно-Казахстанская область,,г. Шымкент,
23. Занимались ли Вы когда-нибудь волонтерской деятельностью?,Да,272,"22,7%",12,"13,8%",30,"21,1%",12,"31,6%",12,"23,5%",8,"14,5%",21,"23,6%",8,"20,5%",20,"46,5%",12,"17,4%",9,"22,0%",23,"31,1%",14,"24,6%",8,"17,4%",6,"14,3%",30,"27,0%",4,"30,8%",15,"30,0%",14,"37,8%",9,"18,0%",5,"7,6%"
,Нет,921,"76,8%",75,"86,2%",111,"78,2%",25,"65,8%",39,"76,5%",47,"85,5%",68,"76,4%",31,"79,5%",23,"53,5%",55,"79,7%",32,"78,0%",49,"66,2%",43,"75,4%",38,"82,6%",36,"85,7%",80,"72,1%",9,"69,2%",35,"70,0%",23,"62,2%",41,"82,0%",61,"92,4%"
,Затрудняюсь ответить,7,",6%",0,"0,0%",1,",7%",1,"2,6%",0,"0,0%",0,"0,0%",0,"0,0%",0,"0,0%",0,"0,0%",2,"2,9%",0,"0,0%",2,"2,7%",0,"0,0%",0,"0,0%",0,"0,0%",1,",9%",0,"0,0%",0,"0,0%",0,"0,0%",0,"0,0%",0,"0,0%"
,,КАЗАХСТАН,,г. Астана,,г. Алматы,,Абайская область,,Акмолинская область,,Актюбинская область,,Алматинская область,,Атырауская область,,Западно-Казахстанская область,,Жамбылская область,,Жетысуская область,,Карагандинская область,,Костанайская область,,Кызылординская область,,Мангистауская область,,Туркестанская область,,Улытауская область,,Павлодарская область,,Северо-Казахстанская область,,Востночно-Казахстанская область,,г. Шымкент,
Q24. Что из перечисленного Вам приходилось безвозмездно делать для других людей за последний год?,"Помогать вещами, продуктами",333,"27,8%",39,"44,8%",30,"21,1%",22,"57,9%",10,"19,6%",16,"29,1%",38,"42,7%",13,"33,3%",10,"23,3%",22,"31,9%",14,"34,1%",28,"37,8%",17,"29,8%",8,"17,4%",3,"7,1%",6,"5,4%",6,"46,2%",15,"30,0%",14,"37,8%",8,"16,0%",14,"21,2%"
,Помогать деньгами,413,"34,4%",27,"31,0%",57,"40,1%",15,"39,5%",19,"37,3%",28,"50,9%",31,"34,8%",21,"53,8%",11,"25,6%",27,"39,1%",16,"39,0%",20,"27,0%",19,"33,3%",16,"34,8%",12,"28,6%",25,"22,5%",5,"38,5%",13,"26,0%",10,"27,0%",18,"36,0%",23,"34,8%"
,"Помогать советом, поддерживать морально, психологически",198,"16,5%",14,"16,1%",19,"13,4%",16,"42,1%",5,"9,8%",9,"16,4%",13,"14,6%",8,"20,5%",4,"9,3%",17,"24,6%",4,"9,8%",21,"28,4%",14,"24,6%",9,"19,6%",5,"11,9%",3,"2,7%",2,"15,4%",17,"34,0%",6,"16,2%",3,"6,0%",9,"13,6%"
,Вызывать врача,229,"19,1%",19,"21,8%",21,"14,8%",8,"21,1%",6,"11,8%",8,"14,5%",17,"19,1%",10,"25,6%",3,"7,0%",21,"30,4%",10,"24,4%",10,"13,5%",19,"33,3%",8,"17,4%",4,"9,5%",9,"8,1%",1,"7,7%",12,"24,0%",14,"37,8%",4,"8,0%",25,"37,9%"
,Помогать транспортом,171,"14,3%",9,"10,3%",11,"7,7%",16,"42,1%",7,"13,7%",5,"9,1%",20,"22,5%",10,"25,6%",4,"9,3%",7,"10,1%",3,"7,3%",10,"13,5%",14,"24,6%",7,"15,2%",7,"16,7%",9,"8,1%",4,"30,8%",6,"12,0%",3,"8,1%",8,"16,0%",11,"16,7%"
,Присматривать за чужими детьми,167,"13,9%",16,"18,4%",18,"12,7%",7,"18,4%",6,"11,8%",7,"12,7%",12,"13,5%",7,"17,9%",2,"4,7%",11,"15,9%",3,"7,3%",9,"12,2%",14,"24,6%",11,"23,9%",0,"0,0%",14,"12,6%",2,"15,4%",5,"10,0%",7,"18,9%",7,"14,0%",9,"13,6%"
,Помогать в уходе за престарелыми / больными,138,"11,5%",5,"5,7%",12,"8,5%",9,"23,7%",5,"9,8%",6,"10,9%",9,"10,1%",7,"17,9%",6,"14,0%",8,"11,6%",6,"14,6%",10,"13,5%",8,"14,0%",6,"13,0%",2,"4,8%",16,"14,4%",2,"15,4%",8,"16,0%",5,"13,5%",1,"2,0%",7,"10,6%"
,Помогать в поисках работы,171,"14,3%",5,"5,7%",21,"14,8%",12,"31,6%",5,"9,8%",3,"5,5%",21,"23,6%",10,"25,6%",4,"9,3%",17,"24,6%",6,"14,6%",9,"12,2%",12,"21,1%",7,"15,2%",3,"7,1%",4,"3,6%",3,"23,1%",1,"2,0%",4,"10,8%",3,"6,0%",21,"31,8%"
,"Давать профессиональные консультации, читать лекции, давать уроки",74,"6,2%",4,"4,6%",4,"2,8%",5,"13,2%",4,"7,8%",0,"0,0%",8,"9,0%",3,"7,7%",3,"7,0%",6,"8,7%",3,"7,3%",4,"5,4%",4,"7,0%",6,"13,0%",2,"4,8%",4,"3,6%",0,"0,0%",5,"10,0%",1,"2,7%",2,"4,0%",6,"9,1%"
,"Доставлять на дом продукты, одежду, медикаменты",197,"16,4%",7,"8,0%",18,"12,7%",10,"26,3%",11,"21,6%",18,"32,7%",24,"27,0%",9,"23,1%",8,"18,6%",14,"20,3%",8,"19,5%",11,"14,9%",5,"8,8%",8,"17,4%",7,"16,7%",9,"8,1%",4,"30,8%",3,"6,0%",6,"16,2%",6,"12,0%",11,"16,7%"
,Быть донором,131,"10,9%",10,"11,5%",20,"14,1%",8,"21,1%",12,"23,5%",3,"5,5%",9,"10,1%",6,"15,4%",2,"4,7%",9,"13,0%",4,"9,8%",6,"8,1%",3,"5,3%",8,"17,4%",3,"7,1%",7,"6,3%",0,"0,0%",8,"16,0%",6,"16,2%",4,"8,0%",3,"4,5%"
,Помогать в решении вопросов с официальными учреждениями,35,"2,9%",3,"3,4%",0,"0,0%",2,"5,3%",1,"2,0%",1,"1,8%",5,"5,6%",1,"2,6%",2,"4,7%",5,"7,2%",1,"2,4%",1,"1,4%",2,"3,5%",2,"4,3%",1,"2,4%",1,",9%",0,"0,0%",4,"8,0%",2,"5,4%",0,"0,0%",1,"1,5%"
,Оказывать юридическую помощь,38,"3,2%",1,"1,1%",2,"1,4%",1,"2,6%",1,"2,0%",0,"0,0%",5,"5,6%",3,"7,7%",3,"7,0%",6,"8,7%",2,"4,9%",0,"0,0%",1,"1,8%",3,"6,5%",0,"0,0%",4,"3,6%",1,"7,7%",1,"2,0%",0,"0,0%",0,"0,0%",4,"6,1%"
,Раздавать / распределять материальную помощь,126,"10,5%",2,"2,3%",12,"8,5%",4,"10,5%",8,"15,7%",9,"16,4%",13,"14,6%",12,"30,8%",7,"16,3%",10,"14,5%",6,"14,6%",7,"9,5%",4,"7,0%",8,"17,4%",1,"2,4%",4,"3,6%",4,"30,8%",0,"0,0%",3,"8,1%",5,"10,0%",7,"10,6%"
,Ничего из перечисленного безвозмездно делать не приходилось,151,"12,6%",18,"20,7%",17,"12,0%",2,"5,3%",11,"21,6%",10,"18,2%",8,"9,0%",7,"17,9%",7,"16,3%",8,"11,6%",4,"9,8%",7,"9,5%",9,"15,8%",4,"8,7%",2,"4,8%",14,"12,6%",0,"0,0%",7,"14,0%",3,"8,1%",6,"12,0%",7,"10,6%"
,Затрудняюсь ответить,34,"2,8%",2,"2,3%",7,"4,9%",0,"0,0%",1,"2,0%",0,"0,0%",1,"1,1%",2,"5,1%",0,"0,0%",0,"0,0%",3,"7,3%",3,"4,1%",0,"0,0%",1,"2,2%",7,"16,7%",3,"2,7%",2,"15,4%",0,"0,0%",0,"0,0%",2,"4,0%",0,"0,0%"
,,КАЗАХСТАН,,г. Астана,,г. Алматы,,Абайская область,,Акмолинская область,,Актюбинская область,,Алматинская область,,Атырауская область,,Западно-Казахстанская область,,Жамбылская область,,Жетысуская область,,Карагандинская область,,Костанайская область,,Кызылординская область,,Мангистауская область,,Туркестанская область,,Улытауская область,,Павлодарская область,,Северо-Казахстанская область,,Востночно-Казахстанская область,,г. Шымкент,
"Q25. Кто были люди, которым Вы безвозмездно помогали?",Родственники,418,"41,2%",28,"41,8%",54,"45,8%",13,"36,1%",14,"35,9%",15,"33,3%",38,"47,5%",14,"46,7%",6,"16,7%",26,"42,6%",17,"50,0%",31,"48,4%",32,"66,7%",22,"53,7%",9,"27,3%",26,"27,7%",3,"27,3%",19,"44,2%",15,"44,1%",8,"19,0%",28,"47,5%"
,Друзья,308,"30,3%",23,"34,3%",34,"28,8%",13,"36,1%",13,"33,3%",11,"24,4%",29,"36,3%",12,"40,0%",0,"0,0%",26,"42,6%",13,"38,2%",13,"20,3%",28,"58,3%",9,"22,0%",5,"15,2%",21,"22,3%",3,"27,3%",11,"25,6%",12,"35,3%",7,"16,7%",25,"42,4%"
,Соседи,270,"26,6%",15,"22,4%",23,"19,5%",13,"36,1%",10,"25,6%",11,"24,4%",31,"38,8%",8,"26,7%",3,"8,3%",23,"37,7%",11,"32,4%",16,"25,0%",12,"25,0%",5,"12,2%",8,"24,2%",15,"16,0%",4,"36,4%",21,"48,8%",8,"23,5%",7,"16,7%",26,"44,1%"
,Знакомые,367,"36,2%",24,"35,8%",40,"33,9%",18,"50,0%",13,"33,3%",17,"37,8%",44,"55,0%",15,"50,0%",11,"30,6%",25,"41,0%",11,"32,4%",24,"37,5%",17,"35,4%",14,"34,1%",10,"30,3%",23,"24,5%",3,"27,3%",12,"27,9%",14,"41,2%",5,"11,9%",27,"45,8%"
,Незнакомые люди,395,"38,9%",30,"44,8%",48,"40,7%",15,"41,7%",21,"53,8%",21,"46,7%",30,"37,5%",20,"66,7%",14,"38,9%",25,"41,0%",12,"35,3%",19,"29,7%",13,"27,1%",14,"34,1%",20,"60,6%",30,"31,9%",8,"72,7%",14,"32,6%",7,"20,6%",15,"35,7%",19,"32,2%"
,"Коллеги, сотрудники",95,"9,4%",5,"7,5%",6,"5,1%",6,"16,7%",7,"17,9%",2,"4,4%",12,"15,0%",4,"13,3%",4,"11,1%",4,"6,6%",4,"11,8%",3,"4,7%",12,"25,0%",4,"9,8%",0,"0,0%",2,"2,1%",2,"18,2%",1,"2,3%",2,"5,9%",5,"11,9%",10,"16,9%"
,Члены религиозной общины,16,"1,6%",0,"0,0%",1,",8%",0,"0,0%",0,"0,0%",0,"0,0%",0,"0,0%",5,"16,7%",0,"0,0%",2,"3,3%",1,"2,9%",3,"4,7%",1,"2,1%",0,"0,0%",1,"3,0%",0,"0,0%",1,"9,1%",0,"0,0%",0,"0,0%",0,"0,0%",1,"1,7%"
,Участники интернет-сообщества,12,"1,2%",0,"0,0%",1,",8%",0,"0,0%",0,"0,0%",0,"0,0%",0,"0,0%",5,"16,7%",0,"0,0%",0,"0,0%",2,"5,9%",1,"1,6%",0,"0,0%",1,"2,4%",0,"0,0%",0,"0,0%",0,"0,0%",0,"0,0%",0,"0,0%",1,"2,4%",1,"1,7%"
,"Члены моей досуговой группы, общественной организации",12,"1,2%",0,"0,0%",1,",8%",0,"0,0%",0,"0,0%",0,"0,0%",0,"0,0%",2,"6,7%",0,"0,0%",0,"0,0%",0,"0,0%",1,"1,6%",1,"2,1%",1,"2,4%",0,"0,0%",1,"1,1%",0,"0,0%",0,"0,0%",0,"0,0%",1,"2,4%",4,"6,8%"
,Благотворительные фонды,49,"4,8%",0,"0,0%",4,"3,4%",1,"2,8%",2,"5,1%",1,"2,2%",3,"3,8%",8,"26,7%",7,"19,4%",0,"0,0%",3,"8,8%",6,"9,4%",1,"2,1%",0,"0,0%",1,"3,0%",0,"0,0%",1,"9,1%",2,"4,7%",1,"2,9%",5,"11,9%",3,"5,1%"
,Другие,9,",9%",1,"1,5%",3,"2,5%",1,"2,8%",0,"0,0%",0,"0,0%",1,"1,3%",0,"0,0%",0,"0,0%",0,"0,0%",0,"0,0%",0,"0,0%",0,"0,0%",0,"0,0%",0,"0,0%",0,"0,0%",0,"0,0%",0,"0,0%",0,"0,0%",3,"7,1%",0,"0,0%"
,Затрудняюсь ответить,2,",2%",1,"1,5%",0,"0,0%",0,"0,0%",0,"0,0%",0,"0,0%",0,"0,0%",0,"0,0%",0,"0,0%",0,"0,0%",0,"0,0%",0,"0,0%",0,"0,0%",0,"0,0%",0,"0,0%",0,"0,0%",0,"0,0%",0,"0,0%",0,"0,0%",1,"2,4%",0,"0,0%"
,,КАЗАХСТАН,,г. Астана,,г. Алматы,,Абайская область,,Акмолинская область,,Актюбинская область,,Алматинская область,,Атырауская область,,Западно-Казахстанская область,,Жамбылская область,,Жетысуская область,,Карагандинская область,,Костанайская область,,Кызылординская область,,Мангистауская область,,Туркестанская область,,Улытауская область,,Павлодарская область,,Северо-Казахстанская область,,Востночно-Казахстанская область,,г. Шымкент,
"26. В Вашем городе (селе, поселке) есть какие-либо добровольческие, волонтерские группы, объединения или таких групп, объединений нет?",Есть,702,"58,5%",50,"57,5%",94,"66,2%",27,"71,1%",27,"52,9%",17,"30,9%",54,"60,7%",25,"64,1%",29,"67,4%",35,"50,7%",16,"39,0%",41,"55,4%",32,"56,1%",23,"50,0%",17,"40,5%",59,"53,2%",12,"92,3%",40,"80,0%",25,"67,6%",31,"62,0%",48,"72,7%"
,Нет,340,"28,3%",13,"14,9%",34,"23,9%",7,"18,4%",23,"45,1%",23,"41,8%",23,"25,8%",7,"17,9%",10,"23,3%",25,"36,2%",17,"41,5%",18,"24,3%",23,"40,4%",15,"32,6%",18,"42,9%",47,"42,3%",0,"0,0%",4,"8,0%",6,"16,2%",9,"18,0%",18,"27,3%"
,Затрудняюсь ответить,158,"13,2%",24,"27,6%",14,"9,9%",4,"10,5%",1,"2,0%",15,"27,3%",12,"13,5%",7,"17,9%",4,"9,3%",9,"13,0%",8,"19,5%",15,"20,3%",2,"3,5%",8,"17,4%",7,"16,7%",5,"4,5%",1,"7,7%",6,"12,0%",6,"16,2%",10,"20,0%",0,"0,0%"
,,КАЗАХСТАН,,г. Астана,,г. Алматы,,Абайская область,,Акмолинская область,,Актюбинская область,,Алматинская область,,Атырауская область,,Западно-Казахстанская область,,Жамбылская область,,Жетысуская область,,Карагандинская область,,Костанайская область,,Кызылординская область,,Мангистауская область,,Туркестанская область,,Улытауская область,,Павлодарская область,,Северо-Казахстанская область,,Востночно-Казахстанская область,,г. Шымкент,
"27. Среди Ваших знакомых есть люди, которые занимаются добровольчеством (волонтерством), или таких людей нет?",Есть,477,"39,8%",27,"31,0%",62,"43,7%",24,"63,2%",13,"25,5%",10,"18,2%",49,"55,1%",20,"51,3%",27,"62,8%",14,"20,3%",14,"34,1%",34,"45,9%",29,"50,9%",10,"21,7%",11,"26,2%",49,"44,1%",8,"61,5%",23,"46,0%",14,"37,8%",19,"38,0%",20,"30,3%"
,Нет,662,"55,2%",51,"58,6%",73,"51,4%",12,"31,6%",38,"74,5%",45,"81,8%",37,"41,6%",18,"46,2%",12,"27,9%",49,"71,0%",24,"58,5%",32,"43,2%",28,"49,1%",33,"71,7%",26,"61,9%",59,"53,2%",4,"30,8%",25,"50,0%",21,"56,8%",29,"58,0%",46,"69,7%"
,Затрудняюсь ответить,61,"5,1%",9,"10,3%",7,"4,9%",2,"5,3%",0,"0,0%",0,"0,0%",3,"3,4%",1,"2,6%",4,"9,3%",6,"8,7%",3,"7,3%",8,"10,8%",0,"0,0%",3,"6,5%",5,"11,9%",3,"2,7%",1,"7,7%",2,"4,0%",2,"5,4%",2,"4,0%",0,"0,0%"
,,КАЗАХСТАН,,г. Астана,,г. Алматы,,Абайская область,,Акмолинская область,,Актюбинская область,,Алматинская область,,Атырауская область,,Западно-Казахстанская область,,Жамбылская область,,Жетысуская область,,Карагандинская область,,Костанайская область,,Кызылординская область,,Мангистауская область,,Туркестанская область,,Улытауская область,,Павлодарская область,,Северо-Казахстанская область,,Востночно-Казахстанская область,,г. Шымкент,
Q28. В каких направлениях добровольчества Вы участвовали?,"Социально-бытовое (помощь на дому, по хозяйству, ремонт и т.п.)",91,"7,6%",4,"4,6%",13,"9,2%",2,"5,3%",0,"0,0%",2,"3,6%",10,"11,2%",1,"2,6%",7,"16,3%",4,"5,8%",7,"17,1%",7,"9,5%",4,"7,0%",4,"8,7%",2,"4,8%",11,"9,9%",0,"0,0%",2,"4,0%",2,"5,4%",3,"6,0%",6,"9,1%"
,"Экологическое (уборка территорий, посадка деревьев и т.п.)",133,"11,1%",2,"2,3%",15,"10,6%",2,"5,3%",0,"0,0%",0,"0,0%",8,"9,0%",4,"10,3%",11,"25,6%",7,"10,1%",6,"14,6%",11,"14,9%",13,"22,8%",7,"15,2%",1,"2,4%",24,"21,6%",0,"0,0%",8,"16,0%",1,"2,7%",4,"8,0%",9,"13,6%"
,"Педагогическое (вожатые, организация досуговой деятельности и т.п.)",53,"4,4%",0,"0,0%",9,"6,3%",1,"2,6%",1,"2,0%",2,"3,6%",3,"3,4%",0,"0,0%",1,"2,3%",4,"5,8%",1,"2,4%",5,"6,8%",4,"7,0%",0,"0,0%",3,"7,1%",3,"2,7%",0,"0,0%",3,"6,0%",1,"2,7%",5,"10,0%",7,"10,6%"
,"Медицинское (службы милосердия, помощь больным, донорство, популяризация здорового образа жизни и т.п.)",70,"5,8%",3,"3,4%",13,"9,2%",0,"0,0%",0,"0,0%",0,"0,0%",5,"5,6%",0,"0,0%",2,"4,7%",6,"8,7%",6,"14,6%",10,"13,5%",4,"7,0%",2,"4,3%",1,"2,4%",10,"9,0%",0,"0,0%",2,"4,0%",0,"0,0%",1,"2,0%",5,"7,6%"
,"Экстренные ситуации (пожаротушение, поисково-спасательные операции, ликвидация последствий терактов и катастроф)",46,"3,8%",1,"1,1%",5,"3,5%",1,"2,6%",1,"2,0%",1,"1,8%",2,"2,2%",2,"5,1%",2,"4,7%",1,"1,4%",2,"4,9%",6,"8,1%",5,"8,8%",1,"2,2%",0,"0,0%",2,"1,8%",1,"7,7%",1,"2,0%",4,"10,8%",0,"0,0%",8,"12,1%"
,"Интеллектуальное (экскурсионная деятельность, оказание профессиональных услуг юриста, дизайнера, психолога)",21,"1,8%",1,"1,1%",2,"1,4%",0,"0,0%",0,"0,0%",0,"0,0%",2,"2,2%",1,"2,6%",0,"0,0%",3,"4,3%",1,"2,4%",4,"5,4%",2,"3,5%",2,"4,3%",0,"0,0%",0,"0,0%",0,"0,0%",0,"0,0%",2,"5,4%",0,"0,0%",1,"1,5%"
,"Правовое (защита прав и интересов граждан, работа в общественных советах, участие в самоуправлении)",12,"1,0%",0,"0,0%",1,",7%",0,"0,0%",0,"0,0%",0,"0,0%",1,"1,1%",0,"0,0%",0,"0,0%",1,"1,4%",0,"0,0%",2,"2,7%",0,"0,0%",0,"0,0%",0,"0,0%",2,"1,8%",0,"0,0%",1,"2,0%",0,"0,0%",0,"0,0%",4,"6,1%"
,"Историко-археологическое (раскопки, реставрация памятников архитектуры, уход за воинскими захоронениями и т.п.)",12,"1,0%",0,"0,0%",0,"0,0%",1,"2,6%",0,"0,0%",0,"0,0%",1,"1,1%",1,"2,6%",0,"0,0%",0,"0,0%",0,"0,0%",1,"1,4%",0,"0,0%",0,"0,0%",0,"0,0%",0,"0,0%",0,"0,0%",1,"2,0%",0,"0,0%",3,"6,0%",4,"6,1%"
,Поддержание общественного порядка (народные дружины и т.п.),41,"3,4%",0,"0,0%",3,"2,1%",1,"2,6%",1,"2,0%",1,"1,8%",4,"4,5%",1,"2,6%",2,"4,7%",6,"8,7%",2,"4,9%",1,"1,4%",3,"5,3%",4,"8,7%",0,"0,0%",3,"2,7%",0,"0,0%",0,"0,0%",2,"5,4%",2,"4,0%",5,"7,6%"
,Религиозное,27,"2,3%",1,"1,1%",2,"1,4%",0,"0,0%",0,"0,0%",0,"0,0%",1,"1,1%",1,"2,6%",0,"0,0%",1,"1,4%",6,"14,6%",0,"0,0%",0,"0,0%",1,"2,2%",0,"0,0%",12,"10,8%",0,"0,0%",0,"0,0%",0,"0,0%",0,"0,0%",2,"3,0%"
,Другое,10,",8%",1,"1,1%",1,",7%",3,"7,9%",0,"0,0%",0,"0,0%",0,"0,0%",1,"2,6%",0,"0,0%",0,"0,0%",0,"0,0%",2,"2,7%",2,"3,5%",0,"0,0%",0,"0,0%",0,"0,0%",0,"0,0%",0,"0,0%",0,"0,0%",0,"0,0%",0,"0,0%"
,Не приходилось,832,"69,3%",79,"90,8%",100,"70,4%",30,"78,9%",48,"94,1%",49,"89,1%",62,"69,7%",31,"79,5%",25,"58,1%",55,"79,7%",19,"46,3%",35,"47,3%",40,"70,2%",30,"65,2%",30,"71,4%",49,"44,1%",11,"84,6%",39,"78,0%",25,"67,6%",38,"76,0%",37,"56,1%"
,Затрудняюсь ответить,19,"1,6%",0,"0,0%",4,"2,8%",0,"0,0%",0,"0,0%",0,"0,0%",1,"1,1%",1,"2,6%",0,"0,0%",0,"0,0%",2,"4,9%",2,"2,7%",0,"0,0%",1,"2,2%",5,"11,9%",1,",9%",1,"7,7%",0,"0,0%",0,"0,0%",1,"2,0%",0,"0,0%"
,,КАЗАХСТАН,,г. Астана,,г. Алматы,,Абайская область,,Акмолинская область,,Актюбинская область,,Алматинская область,,Атырауская область,,Западно-Казахстанская область,,Жамбылская область,,Жетысуская область,,Карагандинская область,,Костанайская область,,Кызылординская область,,Мангистауская область,,Туркестанская область,,Улытауская область,,Павлодарская область,,Северо-Казахстанская область,,Востночно-Казахстанская область,,г. Шымкент,
Q29. Какие проблемы могут стать причинами для проявления Вами гражданской активности?,Снижение уровня доходов населения,242,"20,2%",17,"19,5%",27,"19,0%",15,"39,5%",21,"41,2%",17,"30,9%",17,"19,1%",6,"15,4%",8,"18,6%",16,"23,2%",2,"4,9%",25,"33,8%",7,"12,3%",10,"21,7%",9,"21,4%",9,"8,1%",0,"0,0%",13,"26,0%",5,"13,5%",3,"6,0%",15,"22,7%"
,Жилищные вопросы,235,"19,6%",16,"18,4%",17,"12,0%",8,"21,1%",19,"37,3%",22,"40,0%",20,"22,5%",4,"10,3%",10,"23,3%",13,"18,8%",9,"22,0%",17,"23,0%",18,"31,6%",6,"13,0%",8,"19,0%",9,"8,1%",2,"15,4%",4,"8,0%",7,"18,9%",4,"8,0%",22,"33,3%"
,Языковые вопросы,142,"11,8%",3,"3,4%",17,"12,0%",8,"21,1%",18,"35,3%",10,"18,2%",11,"12,4%",7,"17,9%",1,"2,3%",7,"10,1%",9,"22,0%",9,"12,2%",6,"10,5%",3,"6,5%",3,"7,1%",11,"9,9%",3,"23,1%",4,"8,0%",0,"0,0%",2,"4,0%",10,"15,2%"
,"Рост цен на товары потребления, продукты питания и коммунальные услуги",277,"23,1%",28,"32,2%",17,"12,0%",23,"60,5%",20,"39,2%",14,"25,5%",22,"24,7%",5,"12,8%",12,"27,9%",22,"31,9%",5,"12,2%",17,"23,0%",12,"21,1%",12,"26,1%",0,"0,0%",13,"11,7%",0,"0,0%",22,"44,0%",18,"48,6%",6,"12,0%",9,"13,6%"
,Низкое качество медицинской помощи,202,"16,8%",8,"9,2%",16,"11,3%",13,"34,2%",23,"45,1%",13,"23,6%",18,"20,2%",8,"20,5%",4,"9,3%",14,"20,3%",6,"14,6%",13,"17,6%",8,"14,0%",6,"13,0%",8,"19,0%",6,"5,4%",2,"15,4%",9,"18,0%",10,"27,0%",4,"8,0%",13,"19,7%"
,Безработица,316,"26,3%",12,"13,8%",33,"23,2%",11,"28,9%",23,"45,1%",19,"34,5%",20,"22,5%",11,"28,2%",9,"20,9%",27,"39,1%",21,"51,2%",15,"20,3%",15,"26,3%",7,"15,2%",13,"31,0%",30,"27,0%",5,"38,5%",4,"8,0%",12,"32,4%",11,"22,0%",18,"27,3%"
,"Недостаточность социальной помощи, выплат и льгот",134,"11,2%",5,"5,7%",10,"7,0%",9,"23,7%",17,"33,3%",7,"12,7%",11,"12,4%",6,"15,4%",8,"18,6%",4,"5,8%",2,"4,9%",10,"13,5%",4,"7,0%",4,"8,7%",1,"2,4%",8,"7,2%",0,"0,0%",11,"22,0%",3,"8,1%",3,"6,0%",11,"16,7%"
,Нарушение прав человека,241,"20,1%",14,"16,1%",30,"21,1%",19,"50,0%",23,"45,1%",13,"23,6%",14,"15,7%",15,"38,5%",2,"4,7%",12,"17,4%",9,"22,0%",24,"32,4%",10,"17,5%",4,"8,7%",4,"9,5%",10,"9,0%",3,"23,1%",9,"18,0%",8,"21,6%",2,"4,0%",16,"24,2%"
,"Проблемы дистанционного обучения образование, эпидситуация в учебных заведениях",50,"4,2%",3,"3,4%",2,"1,4%",4,"10,5%",15,"29,4%",2,"3,6%",3,"3,4%",3,"7,7%",0,"0,0%",3,"4,3%",1,"2,4%",3,"4,1%",2,"3,5%",0,"0,0%",0,"0,0%",3,"2,7%",0,"0,0%",3,"6,0%",1,"2,7%",0,"0,0%",2,"3,0%"
,Конфликты на межэтнической почве,60,"5,0%",3,"3,4%",7,"4,9%",5,"13,2%",15,"29,4%",2,"3,6%",5,"5,6%",5,"12,8%",0,"0,0%",2,"2,9%",0,"0,0%",5,"6,8%",1,"1,8%",1,"2,2%",0,"0,0%",3,"2,7%",1,"7,7%",3,"6,0%",0,"0,0%",1,"2,0%",1,"1,5%"
,Проблемы в земельных отношениях,59,"4,9%",0,"0,0%",5,"3,5%",3,"7,9%",18,"35,3%",6,"10,9%",5,"5,6%",3,"7,7%",1,"2,3%",4,"5,8%",1,"2,4%",3,"4,1%",1,"1,8%",0,"0,0%",1,"2,4%",1,",9%",0,"0,0%",0,"0,0%",3,"8,1%",0,"0,0%",4,"6,1%"
,Экологические проблемы,149,"12,4%",4,"4,6%",17,"12,0%",8,"21,1%",17,"33,3%",8,"14,5%",5,"5,6%",9,"23,1%",0,"0,0%",12,"17,4%",4,"9,8%",10,"13,5%",5,"8,8%",2,"4,3%",3,"7,1%",11,"9,9%",6,"46,2%",9,"18,0%",5,"13,5%",6,"12,0%",8,"12,1%"
,Трудовые конфликты,102,"8,5%",6,"6,9%",11,"7,7%",6,"15,8%",21,"41,2%",5,"9,1%",6,"6,7%",3,"7,7%",2,"4,7%",10,"14,5%",4,"9,8%",0,"0,0%",8,"14,0%",0,"0,0%",2,"4,8%",4,"3,6%",1,"7,7%",3,"6,0%",2,"5,4%",1,"2,0%",7,"10,6%"
,Коррупция,317,"26,4%",14,"16,1%",37,"26,1%",14,"36,8%",24,"47,1%",19,"34,5%",36,"40,4%",9,"23,1%",9,"20,9%",23,"33,3%",20,"48,8%",17,"23,0%",15,"26,3%",5,"10,9%",3,"7,1%",22,"19,8%",8,"61,5%",10,"20,0%",14,"37,8%",8,"16,0%",10,"15,2%"
,Слабая обратная связь государства с населением,112,"9,3%",3,"3,4%",12,"8,5%",11,"28,9%",17,"33,3%",5,"9,1%",8,"9,0%",8,"20,5%",1,"2,3%",7,"10,1%",3,"7,3%",4,"5,4%",5,"8,8%",1,"2,2%",1,"2,4%",6,"5,4%",2,"15,4%",8,"16,0%",2,"5,4%",6,"12,0%",2,"3,0%"
,Другое,8,",7%",1,"1,1%",2,"1,4%",1,"2,6%",0,"0,0%",0,"0,0%",0,"0,0%",0,"0,0%",0,"0,0%",1,"1,4%",0,"0,0%",0,"0,0%",0,"0,0%",1,"2,2%",0,"0,0%",0,"0,0%",0,"0,0%",0,"0,0%",0,"0,0%",1,"2,0%",1,"1,5%"
,Ничто не заставит меня принять участие в протестных акциях,192,"16,0%",29,"33,3%",15,"10,6%",6,"15,8%",7,"13,7%",13,"23,6%",15,"16,9%",10,"25,6%",2,"4,7%",16,"23,2%",0,"0,0%",7,"9,5%",12,"21,1%",10,"21,7%",3,"7,1%",8,"7,2%",1,"7,7%",9,"18,0%",1,"2,7%",16,"32,0%",12,"18,2%"
,Затрудняюсь ответить,52,"4,3%",8,"9,2%",10,"7,0%",0,"0,0%",0,"0,0%",0,"0,0%",0,"0,0%",3,"7,7%",2,"4,7%",2,"2,9%",3,"7,3%",8,"10,8%",0,"0,0%",0,"0,0%",5,"11,9%",5,"4,5%",2,"15,4%",1,"2,0%",1,"2,7%",2,"4,0%",0,"0,0%"
,,КАЗАХСТАН,,г. Астана,,г. Алматы,,Абайская область,,Акмолинская область,,Актюбинская область,,Алматинская область,,Атырауская область,,Западно-Казахстанская область,,Жамбылская область,,Жетысуская область,,Карагандинская область,,Костанайская область,,Кызылординская область,,Мангистауская область,,Туркестанская область,,Улытауская область,,Павлодарская область,,Северо-Казахстанская область,,Востночно-Казахстанская область,,г. Шымкент,
Q30. Какие из путей развития гражданских и политических инициатив Вы считаете подходящими для Казахстана?,Расширение гражданских прав и свобод,434,"36,2%",50,"57,5%",53,"37,3%",17,"44,7%",13,"25,5%",20,"36,4%",35,"39,3%",14,"35,9%",12,"27,9%",35,"50,7%",14,"34,1%",18,"24,3%",35,"61,4%",10,"21,7%",9,"21,4%",20,"18,0%",3,"23,1%",24,"48,0%",9,"24,3%",17,"34,0%",26,"39,4%"
,Внедрение программы гражданского воспитания в образование,313,"26,1%",13,"14,9%",39,"27,5%",4,"10,5%",16,"31,4%",12,"21,8%",15,"16,9%",13,"33,3%",8,"18,6%",29,"42,0%",5,"12,2%",20,"27,0%",28,"49,1%",15,"32,6%",14,"33,3%",36,"32,4%",6,"46,2%",7,"14,0%",6,"16,2%",9,"18,0%",18,"27,3%"
,Повышение качества коммуникации между гражданами и органами власти,352,"29,3%",34,"39,1%",30,"21,1%",22,"57,9%",15,"29,4%",14,"25,5%",18,"20,2%",15,"38,5%",15,"34,9%",30,"43,5%",7,"17,1%",17,"23,0%",26,"45,6%",18,"39,1%",5,"11,9%",18,"16,2%",5,"38,5%",17,"34,0%",12,"32,4%",11,"22,0%",23,"34,8%"
,Самостоятельное развитие гражданского общества без поддержки государства,124,"10,3%",12,"13,8%",7,"4,9%",1,"2,6%",3,"5,9%",2,"3,6%",7,"7,9%",4,"10,3%",2,"4,7%",11,"15,9%",4,"9,8%",9,"12,2%",11,"19,3%",2,"4,3%",0,"0,0%",12,"10,8%",1,"7,7%",6,"12,0%",7,"18,9%",8,"16,0%",15,"22,7%"
,Развитие гражданского общества через поддержку государством инициатив НПО и других структур,70,"5,8%",8,"9,2%",4,"2,8%",3,"7,9%",2,"3,9%",1,"1,8%",3,"3,4%",0,"0,0%",2,"4,7%",6,"8,7%",0,"0,0%",11,"14,9%",8,"14,0%",0,"0,0%",0,"0,0%",1,",9%",0,"0,0%",8,"16,0%",2,"5,4%",5,"10,0%",6,"9,1%"
,"Рост сообществ гражданского общества в социальных медиа, Интернете",113,"9,4%",8,"9,2%",16,"11,3%",0,"0,0%",5,"9,8%",4,"7,3%",12,"13,5%",4,"10,3%",1,"2,3%",10,"14,5%",1,"2,4%",9,"12,2%",6,"10,5%",6,"13,0%",1,"2,4%",8,"7,2%",1,"7,7%",3,"6,0%",3,"8,1%",2,"4,0%",13,"19,7%"
,Развитие политических структур и сообществ,116,"9,7%",9,"10,3%",12,"8,5%",1,"2,6%",5,"9,8%",2,"3,6%",13,"14,6%",4,"10,3%",0,"0,0%",5,"7,2%",3,"7,3%",9,"12,2%",17,"29,8%",0,"0,0%",1,"2,4%",5,"4,5%",0,"0,0%",2,"4,0%",2,"5,4%",7,"14,0%",19,"28,8%"
,Наказание за уклонение от гражданских обязанностей,113,"9,4%",8,"9,2%",9,"6,3%",5,"13,2%",9,"17,6%",5,"9,1%",11,"12,4%",7,"17,9%",1,"2,3%",9,"13,0%",3,"7,3%",7,"9,5%",10,"17,5%",6,"13,0%",0,"0,0%",4,"3,6%",0,"0,0%",4,"8,0%",2,"5,4%",2,"4,0%",11,"16,7%"
,Внедрение социального рейтинга граждан,154,"12,8%",10,"11,5%",12,"8,5%",7,"18,4%",7,"13,7%",7,"12,7%",11,"12,4%",3,"7,7%",4,"9,3%",12,"17,4%",6,"14,6%",6,"8,1%",5,"8,8%",2,"4,3%",9,"21,4%",13,"11,7%",4,"30,8%",3,"6,0%",2,"5,4%",8,"16,0%",23,"34,8%"
,Другое,3,",3%",1,"1,1%",0,"0,0%",0,"0,0%",1,"2,0%",0,"0,0%",0,"0,0%",0,"0,0%",0,"0,0%",0,"0,0%",0,"0,0%",0,"0,0%",0,"0,0%",0,"0,0%",0,"0,0%",0,"0,0%",0,"0,0%",1,"2,0%",0,"0,0%",0,"0,0%",0,"0,0%"
,Затрудняюсь ответить,142,"11,8%",8,"9,2%",23,"16,2%",1,"2,6%",4,"7,8%",6,"10,9%",15,"16,9%",5,"12,8%",8,"18,6%",4,"5,8%",11,"26,8%",9,"12,2%",0,"0,0%",4,"8,7%",9,"21,4%",7,"6,3%",2,"15,4%",4,"8,0%",8,"21,6%",14,"28,0%",0,"0,0%"
,,КАЗАХСТАН,,г. Астана,,г. Алматы,,Абайская область,,Акмолинская область,,Актюбинская область,,Алматинская область,,Атырауская область,,Западно-Казахстанская область,,Жамбылская область,,Жетысуская область,,Карагандинская область,,Костанайская область,,Кызылординская область,,Мангистауская область,,Туркестанская область,,Улытауская область,,Павлодарская область,,Северо-Казахстанская область,,Востночно-Казахстанская область,,г. Шымкент,
D5. Ваша этническая принадлежность,Казах (-шка),1022,"85,2%",62,"71,3%",131,"92,3%",12,"31,6%",49,"96,1%",54,"98,2%",80,"89,9%",37,"94,9%",43,"100,0%",52,"75,4%",39,"95,1%",63,"85,1%",26,"45,6%",46,"100,0%",42,"100,0%",111,"100,0%",13,"100,0%",24,"48,0%",22,"59,5%",50,"100,0%",66,"100,0%"
,Русский (-ая),138,"11,5%",20,"23,0%",5,"3,5%",23,"60,5%",2,"3,9%",1,"1,8%",6,"6,7%",2,"5,1%",0,"0,0%",8,"11,6%",2,"4,9%",10,"13,5%",24,"42,1%",0,"0,0%",0,"0,0%",0,"0,0%",0,"0,0%",23,"46,0%",12,"32,4%",0,"0,0%",0,"0,0%"
,Другой (-ая),40,"3,3%",5,"5,7%",6,"4,2%",3,"7,9%",0,"0,0%",0,"0,0%",3,"3,4%",0,"0,0%",0,"0,0%",9,"13,0%",0,"0,0%",1,"1,4%",7,"12,3%",0,"0,0%",0,"0,0%",0,"0,0%",0,"0,0%",3,"6,0%",3,"8,1%",0,"0,0%",0,"0,0%"
,,КАЗАХСТАН,,г. Астана,,г. Алматы,,Абайская область,,Акмолинская область,,Актюбинская область,,Алматинская область,,Атырауская область,,Западно-Казахстанская область,,Жамбылская область,,Жетысуская область,,Карагандинская область,,Костанайская область,,Кызылординская область,,Мангистауская область,,Туркестанская область,,Улытауская область,,Павлодарская область,,Северо-Казахстанская область,,Востночно-Казахстанская область,,г. Шымкент,
D6. Ваше образование,Среднее образование,418,"34,8%",6,"6,9%",43,"30,3%",22,"57,9%",31,"60,8%",17,"30,9%",31,"34,8%",11,"28,2%",16,"37,2%",31,"44,9%",26,"63,4%",18,"24,3%",18,"31,6%",18,"39,1%",27,"64,3%",57,"51,4%",2,"15,4%",17,"34,0%",11,"29,7%",10,"20,0%",6,"9,1%"
,Профессионально-техническое образование,271,"22,6%",41,"47,1%",22,"15,5%",7,"18,4%",3,"5,9%",17,"30,9%",22,"24,7%",11,"28,2%",10,"23,3%",13,"18,8%",9,"22,0%",19,"25,7%",19,"33,3%",9,"19,6%",3,"7,1%",13,"11,7%",2,"15,4%",19,"38,0%",9,"24,3%",14,"28,0%",9,"13,6%"
,Высшее образование,511,"42,6%",40,"46,0%",77,"54,2%",9,"23,7%",17,"33,3%",21,"38,2%",36,"40,4%",17,"43,6%",17,"39,5%",25,"36,2%",6,"14,6%",37,"50,0%",20,"35,1%",19,"41,3%",12,"28,6%",41,"36,9%",9,"69,2%",14,"28,0%",17,"45,9%",26,"52,0%",51,"77,3%"
,,КАЗАХСТАН,,г. Астана,,г. Алматы,,Абайская область,,Акмолинская область,,Актюбинская область,,Алматинская область,,Атырауская область,,Западно-Казахстанская область,,Жамбылская область,,Жетысуская область,,Карагандинская область,,Костанайская область,,Кызылординская область,,Мангистауская область,,Туркестанская область,,Улытауская область,,Павлодарская область,,Северо-Казахстанская область,,Востночно-Казахстанская область,,г. Шымкент,
D7. Ваше семейное положение?,Состою в зарегистрированном браке,709,"59,1%",58,"66,7%",74,"52,1%",22,"57,9%",41,"80,4%",42,"76,4%",56,"62,9%",22,"56,4%",27,"62,8%",43,"62,3%",24,"58,5%",37,"50,0%",29,"50,9%",29,"63,0%",22,"52,4%",67,"60,4%",10,"76,9%",18,"36,0%",14,"37,8%",29,"58,0%",45,"68,2%"
,Проживаем совместно без регистрации брака,33,"2,8%",0,"0,0%",3,"2,1%",0,"0,0%",0,"0,0%",0,"0,0%",2,"2,2%",0,"0,0%",1,"2,3%",2,"2,9%",1,"2,4%",5,"6,8%",4,"7,0%",1,"2,2%",7,"16,7%",1,",9%",0,"0,0%",4,"8,0%",0,"0,0%",1,"2,0%",1,"1,5%"
,Разведен(а),98,"8,2%",7,"8,0%",11,"7,7%",3,"7,9%",2,"3,9%",3,"5,5%",13,"14,6%",3,"7,7%",1,"2,3%",3,"4,3%",6,"14,6%",9,"12,2%",8,"14,0%",2,"4,3%",5,"11,9%",2,"1,8%",0,"0,0%",6,"12,0%",6,"16,2%",4,"8,0%",4,"6,1%"
,Не замужем (холост),282,"23,5%",18,"20,7%",45,"31,7%",10,"26,3%",5,"9,8%",9,"16,4%",10,"11,2%",10,"25,6%",10,"23,3%",16,"23,2%",9,"22,0%",18,"24,3%",13,"22,8%",11,"23,9%",7,"16,7%",33,"29,7%",3,"23,1%",15,"30,0%",13,"35,1%",12,"24,0%",15,"22,7%"
,Вдова(-ец),78,"6,5%",4,"4,6%",9,"6,3%",3,"7,9%",3,"5,9%",1,"1,8%",8,"9,0%",4,"10,3%",4,"9,3%",5,"7,2%",1,"2,4%",5,"6,8%",3,"5,3%",3,"6,5%",1,"2,4%",8,"7,2%",0,"0,0%",7,"14,0%",4,"10,8%",4,"8,0%",1,"1,5%"
,,КАЗАХСТАН,,г. Астана,,г. Алматы,,Абайская область,,Акмолинская область,,Актюбинская область,,Алматинская область,,Атырауская область,,Западно-Казахстанская область,,Жамбылская область,,Жетысуская область,,Карагандинская область,,Костанайская область,,Кызылординская область,,Мангистауская область,,Туркестанская область,,Улытауская область,,Павлодарская область,,Северо-Казахстанская область,,Востночно-Казахстанская область,,г. Шымкент,
D8. Ваш социально-профессиональный статус?,Госслужащий,141,"11,8%",2,"2,3%",19,"13,4%",1,"2,6%",0,"0,0%",5,"9,1%",19,"21,3%",6,"15,4%",8,"18,6%",6,"8,7%",11,"26,8%",3,"4,1%",5,"8,8%",7,"15,2%",9,"21,4%",18,"16,2%",5,"38,5%",2,"4,0%",5,"13,5%",2,"4,0%",8,"12,1%"
,Работаю в бюджетной организации,200,"16,7%",8,"9,2%",15,"10,6%",4,"10,5%",15,"29,4%",4,"7,3%",17,"19,1%",5,"12,8%",7,"16,3%",11,"15,9%",1,"2,4%",16,"21,6%",19,"33,3%",10,"21,7%",8,"19,0%",12,"10,8%",3,"23,1%",10,"20,0%",12,"32,4%",12,"24,0%",11,"16,7%"
,Работаю в частной сфере,293,"24,4%",41,"47,1%",29,"20,4%",17,"44,7%",17,"33,3%",23,"41,8%",21,"23,6%",13,"33,3%",8,"18,6%",17,"24,6%",3,"7,3%",17,"23,0%",13,"22,8%",7,"15,2%",0,"0,0%",23,"20,7%",3,"23,1%",11,"22,0%",3,"8,1%",8,"16,0%",19,"28,8%"
,Собственный бизнес с привлечением наемных работников,43,"3,6%",1,"1,1%",3,"2,1%",0,"0,0%",0,"0,0%",0,"0,0%",2,"2,2%",1,"2,6%",3,"7,0%",2,"2,9%",2,"4,9%",5,"6,8%",1,"1,8%",2,"4,3%",11,"26,2%",4,"3,6%",0,"0,0%",1,"2,0%",0,"0,0%",2,"4,0%",3,"4,5%"
,Индивидуальная трудовая деятельность,66,"5,5%",4,"4,6%",7,"4,9%",6,"15,8%",1,"2,0%",1,"1,8%",3,"3,4%",0,"0,0%",1,"2,3%",5,"7,2%",5,"12,2%",4,"5,4%",1,"1,8%",1,"2,2%",4,"9,5%",9,"8,1%",0,"0,0%",3,"6,0%",1,"2,7%",4,"8,0%",6,"9,1%"
,Фрилансер (работник на договорах услуг),6,",5%",0,"0,0%",1,",7%",0,"0,0%",0,"0,0%",0,"0,0%",0,"0,0%",1,"2,6%",0,"0,0%",2,"2,9%",0,"0,0%",0,"0,0%",0,"0,0%",0,"0,0%",0,"0,0%",0,"0,0%",0,"0,0%",0,"0,0%",0,"0,0%",2,"4,0%",0,"0,0%"
,"Занятые в личном подсобном хозяйстве, семейном предприятии",5,",4%",0,"0,0%",0,"0,0%",0,"0,0%",0,"0,0%",0,"0,0%",0,"0,0%",0,"0,0%",1,"2,3%",1,"1,4%",0,"0,0%",0,"0,0%",0,"0,0%",0,"0,0%",0,"0,0%",0,"0,0%",0,"0,0%",0,"0,0%",1,"2,7%",2,"4,0%",0,"0,0%"
,Пенсионер,158,"13,2%",9,"10,3%",19,"13,4%",4,"10,5%",10,"19,6%",9,"16,4%",11,"12,4%",5,"12,8%",7,"16,3%",9,"13,0%",3,"7,3%",16,"21,6%",9,"15,8%",5,"10,9%",3,"7,1%",7,"6,3%",2,"15,4%",11,"22,0%",7,"18,9%",6,"12,0%",6,"9,1%"
,Студент,122,"10,2%",9,"10,3%",29,"20,4%",2,"5,3%",1,"2,0%",4,"7,3%",3,"3,4%",1,"2,6%",2,"4,7%",6,"8,7%",5,"12,2%",5,"6,8%",6,"10,5%",3,"6,5%",2,"4,8%",20,"18,0%",0,"0,0%",6,"12,0%",3,"8,1%",5,"10,0%",10,"15,2%"
,Домохозяйка,82,"6,8%",7,"8,0%",11,"7,7%",4,"10,5%",6,"11,8%",4,"7,3%",9,"10,1%",2,"5,1%",2,"4,7%",5,"7,2%",4,"9,8%",2,"2,7%",0,"0,0%",1,"2,2%",3,"7,1%",9,"8,1%",0,"0,0%",2,"4,0%",2,"5,4%",6,"12,0%",3,"4,5%"
,Безработный,64,"5,3%",5,"5,7%",6,"4,2%",0,"0,0%",1,"2,0%",4,"7,3%",3,"3,4%",4,"10,3%",4,"9,3%",5,"7,2%",5,"12,2%",3,"4,1%",3,"5,3%",7,"15,2%",2,"4,8%",8,"7,2%",0,"0,0%",2,"4,0%",1,"2,7%",1,"2,0%",0,"0,0%"
,Не работаю по причине инвалидности,9,",8%",0,"0,0%",1,",7%",0,"0,0%",0,"0,0%",1,"1,8%",0,"0,0%",0,"0,0%",0,"0,0%",0,"0,0%",2,"4,9%",1,"1,4%",0,"0,0%",1,"2,2%",0,"0,0%",1,",9%",0,"0,0%",2,"4,0%",0,"0,0%",0,"0,0%",0,"0,0%"
,Другое,11,",9%",1,"1,1%",2,"1,4%",0,"0,0%",0,"0,0%",0,"0,0%",1,"1,1%",1,"2,6%",0,"0,0%",0,"0,0%",0,"0,0%",2,"2,7%",0,"0,0%",2,"4,3%",0,"0,0%",0,"0,0%",0,"0,0%",0,"0,0%",2,"5,4%",0,"0,0%",0,"0,0%"
,,КАЗАХСТАН,,г. Астана,,г. Алматы,,Абайская область,,Акмолинская область,,Актюбинская область,,Алматинская область,,Атырауская область,,Западно-Казахстанская область,,Жамбылская область,,Жетысуская область,,Карагандинская область,,Костанайская область,,Кызылординская область,,Мангистауская область,,Туркестанская область,,Улытауская область,,Павлодарская область,,Северо-Казахстанская область,,Востночно-Казахстанская область,,г. Шымкент,
D9. К какой категории Вы относитесь?,Руководитель в организации,72,"10,8%",2,"3,9%",15,"23,1%",1,"4,5%",2,"6,3%",1,"3,1%",11,"18,6%",0,"0,0%",7,"28,0%",3,"8,8%",0,"0,0%",1,"2,6%",2,"5,3%",0,"0,0%",1,"3,6%",12,"21,1%",2,"18,2%",1,"4,3%",3,"15,0%",6,"25,0%",2,"4,9%"
,"Сотрудник, наемный работник в организации",585,"87,4%",49,"96,1%",49,"75,4%",20,"90,9%",28,"87,5%",30,"93,8%",47,"79,7%",25,"100,0%",18,"72,0%",31,"91,2%",17,"100,0%",38,"97,4%",36,"94,7%",26,"100,0%",26,"92,9%",41,"71,9%",9,"81,8%",22,"95,7%",17,"85,0%",18,"75,0%",38,"92,7%"
,Другое,12,"1,8%",0,"0,0%",1,"1,5%",1,"4,5%",2,"6,3%",1,"3,1%",1,"1,7%",0,"0,0%",0,"0,0%",0,"0,0%",0,"0,0%",0,"0,0%",0,"0,0%",0,"0,0%",1,"3,6%",4,"7,0%",0,"0,0%",0,"0,0%",0,"0,0%",0,"0,0%",1,"2,4%"
,,КАЗАХСТАН,,г. Астана,,г. Алматы,,Абайская область,,Акмолинская область,,Актюбинская область,,Алматинская область,,Атырауская область,,Западно-Казахстанская область,,Жамбылская область,,Жетысуская область,,Карагандинская область,,Костанайская область,,Кызылординская область,,Мангистауская область,,Туркестанская область,,Улытауская область,,Павлодарская область,,Северо-Казахстанская область,,Востночно-Казахстанская область,,г. Шымкент,
D10. В какой сфере (отрасли) Вы работаете?,"Промышленное производство (завод, фабрика, комбинат)",45,"6,7%",1,"2,0%",4,"6,2%",3,"13,6%",1,"3,1%",2,"6,3%",1,"1,7%",3,"12,0%",1,"4,0%",4,"11,8%",0,"0,0%",1,"2,6%",2,"5,3%",1,"3,8%",1,"3,6%",7,"12,3%",3,"27,3%",4,"17,4%",0,"0,0%",5,"20,8%",1,"2,4%"
,"Добывающая отрасль (нефть, газ, уголь, др.)",22,"3,3%",1,"2,0%",2,"3,1%",0,"0,0%",0,"0,0%",0,"0,0%",1,"1,7%",1,"4,0%",1,"4,0%",0,"0,0%",1,"5,9%",6,"15,4%",0,"0,0%",1,"3,8%",0,"0,0%",7,"12,3%",1,"9,1%",0,"0,0%",0,"0,0%",0,"0,0%",0,"0,0%"
,Энергетическая отрасль,26,"3,9%",2,"3,9%",3,"4,6%",0,"0,0%",0,"0,0%",1,"3,1%",2,"3,4%",1,"4,0%",0,"0,0%",1,"2,9%",0,"0,0%",3,"7,7%",1,"2,6%",1,"3,8%",3,"10,7%",4,"7,0%",0,"0,0%",1,"4,3%",2,"10,0%",0,"0,0%",1,"2,4%"
,Коммунальное хозяйство,14,"2,1%",0,"0,0%",1,"1,5%",2,"9,1%",1,"3,1%",1,"3,1%",1,"1,7%",0,"0,0%",1,"4,0%",1,"2,9%",1,"5,9%",1,"2,6%",1,"2,6%",0,"0,0%",0,"0,0%",1,"1,8%",0,"0,0%",0,"0,0%",1,"5,0%",1,"4,2%",0,"0,0%"
,"Строительство, включая частные услуги в качестве строителя, плотника и др.",43,"6,4%",5,"9,8%",9,"13,8%",0,"0,0%",3,"9,4%",1,"3,1%",2,"3,4%",1,"4,0%",3,"12,0%",2,"5,9%",2,"11,8%",2,"5,1%",3,"7,9%",1,"3,8%",4,"14,3%",1,"1,8%",0,"0,0%",0,"0,0%",0,"0,0%",1,"4,2%",3,"7,3%"
,Сельское хозяйство,30,"4,5%",0,"0,0%",3,"4,6%",0,"0,0%",0,"0,0%",0,"0,0%",1,"1,7%",0,"0,0%",3,"12,0%",1,"2,9%",2,"11,8%",1,"2,6%",4,"10,5%",2,"7,7%",0,"0,0%",4,"7,0%",2,"18,2%",2,"8,7%",3,"15,0%",1,"4,2%",1,"2,4%"
,"Транспорт, информация и связь",48,"7,2%",8,"15,7%",5,"7,7%",2,"9,1%",2,"6,3%",8,"25,0%",3,"5,1%",2,"8,0%",1,"4,0%",3,"8,8%",0,"0,0%",1,"2,6%",2,"5,3%",0,"0,0%",3,"10,7%",4,"7,0%",0,"0,0%",2,"8,7%",1,"5,0%",1,"4,2%",0,"0,0%"
,Торговля,84,"12,6%",10,"19,6%",7,"10,8%",6,"27,3%",7,"21,9%",8,"25,0%",5,"8,5%",4,"16,0%",3,"12,0%",2,"5,9%",0,"0,0%",3,"7,7%",3,"7,9%",4,"15,4%",3,"10,7%",6,"10,5%",1,"9,1%",1,"4,3%",2,"10,0%",2,"8,3%",7,"17,1%"
,Общественное питание и гостиницы,14,"2,1%",3,"5,9%",2,"3,1%",2,"9,1%",1,"3,1%",0,"0,0%",0,"0,0%",0,"0,0%",0,"0,0%",2,"5,9%",0,"0,0%",0,"0,0%",0,"0,0%",0,"0,0%",0,"0,0%",2,"3,5%",0,"0,0%",0,"0,0%",0,"0,0%",0,"0,0%",2,"4,9%"
,"Финансовая сфера (банки, страхование и т.п.), право",24,"3,6%",0,"0,0%",3,"4,6%",1,"4,5%",1,"3,1%",0,"0,0%",8,"13,6%",1,"4,0%",0,"0,0%",0,"0,0%",1,"5,9%",1,"2,6%",0,"0,0%",0,"0,0%",0,"0,0%",2,"3,5%",2,"18,2%",0,"0,0%",0,"0,0%",0,"0,0%",4,"9,8%"
,Здравоохранение,55,"8,2%",3,"5,9%",8,"12,3%",1,"4,5%",5,"15,6%",3,"9,4%",1,"1,7%",3,"12,0%",2,"8,0%",0,"0,0%",6,"35,3%",5,"12,8%",0,"0,0%",3,"11,5%",1,"3,6%",1,"1,8%",0,"0,0%",2,"8,7%",3,"15,0%",4,"16,7%",4,"9,8%"
,Образование,132,"19,7%",4,"7,8%",11,"16,9%",1,"4,5%",8,"25,0%",4,"12,5%",5,"8,5%",6,"24,0%",5,"20,0%",9,"26,5%",3,"17,6%",9,"23,1%",9,"23,7%",9,"34,6%",11,"39,3%",13,"22,8%",1,"9,1%",6,"26,1%",2,"10,0%",8,"33,3%",8,"19,5%"
,"Сфера услуг (риэлтор, парикмахер, визажист, массажист, сфера охраны, бизнес, таксист, доставка и т.п.)",44,"6,6%",10,"19,6%",3,"4,6%",0,"0,0%",1,"3,1%",2,"6,3%",9,"15,3%",1,"4,0%",0,"0,0%",3,"8,8%",0,"0,0%",2,"5,1%",3,"7,9%",1,"3,8%",0,"0,0%",0,"0,0%",0,"0,0%",3,"13,0%",1,"5,0%",0,"0,0%",5,"12,2%"
,"Государственная служба, органы государственного управления",31,"4,6%",0,"0,0%",1,"1,5%",0,"0,0%",0,"0,0%",0,"0,0%",10,"16,9%",1,"4,0%",4,"16,0%",5,"14,7%",1,"5,9%",0,"0,0%",1,"2,6%",2,"7,7%",1,"3,6%",2,"3,5%",0,"0,0%",0,"0,0%",0,"0,0%",1,"4,2%",2,"4,9%"
,"МВД, Армия, КНБ",9,"1,3%",2,"3,9%",0,"0,0%",0,"0,0%",0,"0,0%",1,"3,1%",3,"5,1%",0,"0,0%",0,"0,0%",0,"0,0%",0,"0,0%",1,"2,6%",1,"2,6%",0,"0,0%",0,"0,0%",0,"0,0%",0,"0,0%",0,"0,0%",0,"0,0%",0,"0,0%",1,"2,4%"
,Наука,0,"0,0%",0,"0,0%",0,"0,0%",0,"0,0%",0,"0,0%",0,"0,0%",0,"0,0%",0,"0,0%",0,"0,0%",0,"0,0%",0,"0,0%",0,"0,0%",0,"0,0%",0,"0,0%",0,"0,0%",0,"0,0%",0,"0,0%",0,"0,0%",0,"0,0%",0,"0,0%",0,"0,0%"
,"Культура, искусство",19,"2,8%",0,"0,0%",1,"1,5%",1,"4,5%",0,"0,0%",1,"3,1%",4,"6,8%",0,"0,0%",1,"4,0%",0,"0,0%",0,"0,0%",0,"0,0%",7,"18,4%",1,"3,8%",0,"0,0%",1,"1,8%",0,"0,0%",1,"4,3%",0,"0,0%",0,"0,0%",1,"2,4%"
,"Индустрия развлечений (шоу бизнес, блоггинг, игровой бизнес, букмекер)",2,",3%",0,"0,0%",1,"1,5%",0,"0,0%",0,"0,0%",0,"0,0%",1,"1,7%",0,"0,0%",0,"0,0%",0,"0,0%",0,"0,0%",0,"0,0%",0,"0,0%",0,"0,0%",0,"0,0%",0,"0,0%",0,"0,0%",0,"0,0%",0,"0,0%",0,"0,0%",0,"0,0%"
,"Домашние работники (няня, личный повар, домработница, личный водитель и т.п.)",3,",4%",0,"0,0%",0,"0,0%",1,"4,5%",0,"0,0%",0,"0,0%",0,"0,0%",0,"0,0%",0,"0,0%",0,"0,0%",0,"0,0%",1,"2,6%",0,"0,0%",0,"0,0%",0,"0,0%",1,"1,8%",0,"0,0%",0,"0,0%",0,"0,0%",0,"0,0%",0,"0,0%"
,Другое,22,"3,3%",2,"3,9%",1,"1,5%",2,"9,1%",2,"6,3%",0,"0,0%",2,"3,4%",1,"4,0%",0,"0,0%",1,"2,9%",0,"0,0%",1,"2,6%",1,"2,6%",0,"0,0%",0,"0,0%",1,"1,8%",1,"9,1%",1,"4,3%",5,"25,0%",0,"0,0%",1,"2,4%"
,Затрудняюсь ответить,2,",3%",0,"0,0%",0,"0,0%",0,"0,0%",0,"0,0%",0,"0,0%",0,"0,0%",0,"0,0%",0,"0,0%",0,"0,0%",0,"0,0%",1,"2,6%",0,"0,0%",0,"0,0%",1,"3,6%",0,"0,0%",0,"0,0%",0,"0,0%",0,"0,0%",0,"0,0%",0,"0,0%"
,,КАЗАХСТАН,,г. Астана,,г. Алматы,,Абайская область,,Акмолинская область,,Актюбинская область,,Алматинская область,,Атырауская область,,Западно-Казахстанская область,,Жамбылская область,,Жетысуская область,,Карагандинская область,,Костанайская область,,Кызылординская область,,Мангистауская область,,Туркестанская область,,Улытауская область,,Павлодарская область,,Северо-Казахстанская область,,Востночно-Казахстанская область,,г. Шымкент,
D11. Как бы Вы оценили Вашу покупательную способность?,"Денег хватает на все, чтобы ни в чем себе не отказывать",229,"19,1%",2,"2,3%",46,"32,4%",2,"5,3%",7,"13,7%",1,"1,8%",11,"12,4%",8,"20,5%",17,"39,5%",1,"1,4%",3,"7,3%",10,"13,5%",7,"12,3%",8,"17,4%",8,"19,0%",40,"36,0%",8,"61,5%",2,"4,0%",9,"24,3%",19,"38,0%",20,"30,3%"
,"Покупка большинства товаров длительного пользования (холодильник, телевизор и т.д.) не вызывает трудностей",124,"10,3%",17,"19,5%",13,"9,2%",7,"18,4%",18,"35,3%",7,"12,7%",6,"6,7%",5,"12,8%",0,"0,0%",14,"20,3%",4,"9,8%",6,"8,1%",8,"14,0%",1,"2,2%",0,"0,0%",3,"2,7%",0,"0,0%",6,"12,0%",0,"0,0%",5,"10,0%",4,"6,1%"
,"Денег достаточно для приобретения только необходимых продуктов и одежды, оплаты коммунальных услуг,",576,"48,0%",54,"62,1%",60,"42,3%",20,"52,6%",20,"39,2%",33,"60,0%",40,"44,9%",18,"46,2%",10,"23,3%",37,"53,6%",15,"36,6%",40,"54,1%",37,"64,9%",25,"54,3%",12,"28,6%",45,"40,5%",5,"38,5%",35,"70,0%",19,"51,4%",18,"36,0%",33,"50,0%"
,"Денег хватает только на приобретение продуктов питания, но уже не остается на оплату коммунальных услуг",143,"11,9%",4,"4,6%",15,"10,6%",5,"13,2%",3,"5,9%",4,"7,3%",14,"15,7%",4,"10,3%",8,"18,6%",9,"13,0%",8,"19,5%",13,"17,6%",4,"7,0%",7,"15,2%",11,"26,2%",14,"12,6%",0,"0,0%",5,"10,0%",5,"13,5%",4,"8,0%",6,"9,1%"
,"Денег не хватает даже на приобретение продуктов питания, постоянно приходится жить в долг",80,"6,7%",2,"2,3%",5,"3,5%",4,"10,5%",3,"5,9%",2,"3,6%",11,"12,4%",2,"5,1%",4,"9,3%",5,"7,2%",7,"17,1%",1,"1,4%",1,"1,8%",4,"8,7%",10,"23,8%",9,"8,1%",0,"0,0%",2,"4,0%",3,"8,1%",2,"4,0%",3,"4,5%"
,Затрудняюсь ответить,48,"4,0%",8,"9,2%",3,"2,1%",0,"0,0%",0,"0,0%",8,"14,5%",7,"7,9%",2,"5,1%",4,"9,3%",3,"4,3%",4,"9,8%",4,"5,4%",0,"0,0%",1,"2,2%",1,"2,4%",0,"0,0%",0,"0,0%",0,"0,0%",1,"2,7%",2,"4,0%",0,"0,0%"
,,КАЗАХСТАН,,г. Астана,,г. Алматы,,Абайская область,,Акмолинская область,,Актюбинская область,,Алматинская область,,Атырауская область,,Западно-Казахстанская область,,Жамбылская область,,Жетысуская область,,Карагандинская область,,Костанайская область,,Кызылординская область,,Мангистауская область,,Туркестанская область,,Улытауская область,,Павлодарская область,,Северо-Казахстанская область,,Востночно-Казахстанская область,,г. Шымкент,
D12. В среднем каков доход в Вашей семье на одного человека в месяц?,10.000 - 50.000 тенге,184,"15,3%",2,"2,3%",18,"12,7%",2,"5,3%",2,"3,9%",6,"10,9%",24,"27,0%",9,"23,1%",6,"14,0%",16,"23,2%",5,"12,2%",10,"13,5%",9,"15,8%",6,"13,0%",4,"9,5%",38,"34,2%",0,"0,0%",3,"6,0%",1,"2,7%",4,"8,0%",19,"28,8%"
,50-79.000,182,"15,2%",11,"12,6%",15,"10,6%",11,"28,9%",9,"17,6%",5,"9,1%",9,"10,1%",5,"12,8%",6,"14,0%",22,"31,9%",10,"24,4%",10,"13,5%",16,"28,1%",12,"26,1%",3,"7,1%",13,"11,7%",1,"7,7%",3,"6,0%",9,"24,3%",4,"8,0%",8,"12,1%"
,80-100,258,"21,5%",17,"19,5%",19,"13,4%",10,"26,3%",15,"29,4%",17,"30,9%",13,"14,6%",6,"15,4%",10,"23,3%",15,"21,7%",12,"29,3%",13,"17,6%",14,"24,6%",10,"21,7%",16,"38,1%",26,"23,4%",4,"30,8%",15,"30,0%",7,"18,9%",10,"20,0%",9,"13,6%"
,101-200,262,"21,8%",10,"11,5%",35,"24,6%",11,"28,9%",15,"29,4%",9,"16,4%",19,"21,3%",6,"15,4%",9,"20,9%",7,"10,1%",7,"17,1%",20,"27,0%",13,"22,8%",9,"19,6%",12,"28,6%",16,"14,4%",7,"53,8%",20,"40,0%",7,"18,9%",17,"34,0%",13,"19,7%"
,201-300,127,"10,6%",5,"5,7%",26,"18,3%",1,"2,6%",6,"11,8%",2,"3,6%",15,"16,9%",6,"15,4%",4,"9,3%",4,"5,8%",3,"7,3%",9,"12,2%",4,"7,0%",4,"8,7%",3,"7,1%",9,"8,1%",1,"7,7%",5,"10,0%",3,"8,1%",6,"12,0%",11,"16,7%"
,301-400,37,"3,1%",5,"5,7%",8,"5,6%",0,"0,0%",0,"0,0%",0,"0,0%",2,"2,2%",0,"0,0%",4,"9,3%",1,"1,4%",0,"0,0%",7,"9,5%",0,"0,0%",1,"2,2%",1,"2,4%",2,"1,8%",0,"0,0%",0,"0,0%",0,"0,0%",2,"4,0%",4,"6,1%"
,401-500,34,"2,8%",2,"2,3%",11,"7,7%",2,"5,3%",2,"3,9%",1,"1,8%",1,"1,1%",3,"7,7%",2,"4,7%",0,"0,0%",0,"0,0%",2,"2,7%",1,"1,8%",2,"4,3%",0,"0,0%",1,",9%",0,"0,0%",0,"0,0%",0,"0,0%",3,"6,0%",1,"1,5%"
,501-1 000 000,11,",9%",3,"3,4%",1,",7%",0,"0,0%",0,"0,0%",0,"0,0%",0,"0,0%",0,"0,0%",1,"2,3%",0,"0,0%",0,"0,0%",0,"0,0%",0,"0,0%",0,"0,0%",2,"4,8%",3,"2,7%",0,"0,0%",1,"2,0%",0,"0,0%",0,"0,0%",0,"0,0%"
,свыше одного миллиона,8,",7%",2,"2,3%",2,"1,4%",1,"2,6%",0,"0,0%",0,"0,0%",0,"0,0%",0,"0,0%",1,"2,3%",0,"0,0%",0,"0,0%",0,"0,0%",0,"0,0%",0,"0,0%",0,"0,0%",0,"0,0%",0,"0,0%",0,"0,0%",0,"0,0%",1,"2,0%",1,"1,5%"
,Отказ от ответа,66,"5,5%",22,"25,3%",1,",7%",0,"0,0%",2,"3,9%",14,"25,5%",4,"4,5%",2,"5,1%",0,"0,0%",2,"2,9%",3,"7,3%",0,"0,0%",0,"0,0%",0,"0,0%",1,"2,4%",3,"2,7%",0,"0,0%",1,"2,0%",9,"24,3%",2,"4,0%",0,"0,0%"
,Затрудняюсь ответить,31,"2,6%",8,"9,2%",6,"4,2%",0,"0,0%",0,"0,0%",1,"1,8%",2,"2,2%",2,"5,1%",0,"0,0%",2,"2,9%",1,"2,4%",3,"4,1%",0,"0,0%",2,"4,3%",0,"0,0%",0,"0,0%",0,"0,0%",2,"4,0%",1,"2,7%",1,"2,0%",0,"0,0%"